-6.958007999999999527e+01,-2.077635999999999967e+02,4.097900000000000205e+02,2.562500000000000000e+00,1.994628999999999985e+00,2.224365000000000148e+00
-1.708984000000000059e+00,-1.091307999999999936e+02,2.214966000000000008e+02,1.336670000000000025e+00,3.364135999999999793e+00,3.139892999999999823e+00
5.798339000000000354e+00,-1.684570000000000078e+01,6.909180000000000632e+01,8.697510000000000518e-01,3.993164000000000158e+00,3.340698000000000167e+00
8.532713999999999999e+01,1.135254000000000048e+02,-1.848144000000000062e+02,8.465576000000000212e-01,2.626342999999999872e+00,2.493651999999999980e+00
1.040039000000000016e+02,1.585082999999999913e+02,-2.949218999999999937e+02,1.176636000000000015e+00,1.467041000000000039e+00,1.486328000000000094e+00
7.836914000000000158e+01,1.482544000000000040e+02,-3.597411999999999921e+02,1.349976000000000065e+00,3.883056999999999759e-01,8.964843999999999591e-01
5.151366999999999763e+01,1.293944999999999936e+02,-3.790892999999999802e+02,1.469848999999999961e+00,-6.085205000000000197e-01,8.753661999999999832e-01
1.123047000000000040e+01,1.287230999999999881e+02,-3.549803999999999746e+02,1.217529000000000083e+00,-1.259033000000000069e+00,1.049072000000000005e+00
4.498290999999999684e+01,1.467896000000000072e+02,-3.093872000000000071e+02,7.552489999999999482e-01,-1.524901999999999980e+00,7.199706999999999635e-01
9.521483000000000629e+01,1.275635000000000048e+02,-2.716064000000000078e+02,5.587157999999999847e-01,-2.034057999999999922e+00,4.197998000000000007e-01
1.570434999999999945e+02,9.106444000000000472e+01,-1.936645000000000039e+02,4.171142999999999934e-01,-2.710570999999999842e+00,1.829833999999999905e-01
1.747435999999999865e+02,4.211424999999999841e+01,-8.233642000000000394e+01,3.956298999999999788e-01,-3.829956000000000138e+00,1.214599999999999985e-01
-4.077147999999999683e+01,-3.100585999999999842e+01,1.696776999999999873e+02,5.324706999999999635e-01,-3.912230999999999792e+00,2.611084000000000183e-01
-1.580200000000000102e+02,-1.256714000000000055e+02,3.538208000000000197e+02,1.415283000000000069e+00,-2.790039000000000158e+00,4.755859000000000059e-01
-2.373657000000000039e+02,-1.961058999999999912e+02,4.543457000000000221e+02,2.244507000000000030e+00,-2.487792999999999921e+00,1.109863000000000044e+00
-1.901854999999999905e+02,-2.311400999999999897e+02,5.313110000000000355e+02,3.000366000000000088e+00,-1.004272000000000054e+00,1.604125999999999941e+00
-1.327514999999999930e+02,-2.396850000000000023e+02,4.967040999999999826e+02,2.892090000000000050e+00,7.866210999999999620e-01,2.092896000000000090e+00
-9.655760999999999683e+01,-1.724852999999999952e+02,3.347167000000000030e+02,1.982177999999999995e+00,2.582275000000000098e+00,3.165770999999999891e+00
-5.163573999999999842e+01,-9.039306000000000552e+01,1.714476999999999975e+02,1.290038999999999936e+00,3.119629000000000207e+00,3.540039000000000158e+00
6.103514999999999802e+00,7.458495999999999526e+01,-4.223631999999999920e+01,8.129882999999999971e-01,2.961059999999999803e+00,3.264403999999999861e+00
9.655760999999999683e+01,1.766357000000000141e+02,-2.554320999999999913e+02,1.108521000000000090e+00,2.245483000000000118e+00,1.832519999999999927e+00
1.404419000000000040e+02,1.965331999999999937e+02,-3.794554999999999723e+02,1.545897999999999994e+00,1.195556999999999981e+00,1.432617000000000029e+00
1.265258999999999929e+02,2.102660999999999945e+02,-4.558715000000000259e+02,2.150513000000000119e+00,-4.089355000000000073e-01,1.091186999999999907e+00
1.071777000000000015e+02,1.897582999999999913e+02,-4.329223000000000070e+02,1.956299000000000010e+00,-1.500609999999999999e+00,7.849121000000000015e-01
5.676268999999999920e+01,1.497192000000000007e+02,-3.410033999999999992e+02,9.942627000000000548e-01,-2.257690000000000197e+00,2.954102000000000117e-01
7.800293000000000632e+01,1.052245999999999952e+02,-2.607422000000000253e+02,5.500488000000000044e-01,-2.345581000000000138e+00,6.518554999999999489e-02
7.891845999999999606e+01,4.119872999999999763e+01,-1.588135000000000048e+02,3.647461000000000175e-01,-2.914794999999999803e+00,5.179443000000000241e-01
6.207274999999999920e+01,3.826903999999999684e+01,-2.502440999999999960e+01,2.437744000000000022e-01,-3.470458999999999961e+00,3.802490000000000037e-01
2.777099000000000117e+01,1.586913999999999936e+00,1.086426000000000016e+02,2.843017999999999934e-01,-3.753296000000000188e+00,-1.208496000000000015e-01
-7.653808999999999685e+01,-9.899900999999999840e+01,2.918700999999999794e+02,9.913330000000000197e-01,-2.966674999999999951e+00,-1.795653999999999861e-01
-1.288452000000000055e+02,-1.724852999999999952e+02,3.979492000000000189e+02,1.834594999999999976e+00,-2.499633999999999912e+00,4.805907999999999847e-01
-1.535033999999999992e+02,-1.908568999999999960e+02,4.945067999999999984e+02,2.658936000000000188e+00,-1.504027999999999921e+00,1.442749000000000059e+00
-1.063842999999999961e+02,-2.017212000000000103e+02,5.141602000000000317e+02,2.871582000000000079e+00,-7.958983999999999503e-02,1.399413999999999936e+00
-1.262817000000000007e+02,-1.913452000000000055e+02,4.244995000000000118e+02,2.580077999999999872e+00,2.750122000000000178e+00,2.606078999999999812e+00
-4.858397999999999683e+01,-1.069946000000000055e+02,1.658325000000000102e+02,1.275023999999999935e+00,3.995239000000000207e+00,3.512694999999999901e+00
9.033203000000000316e+00,2.343750000000000000e+01,-3.582764000000000237e+01,7.601318000000000241e-01,3.781737999999999822e+00,3.264403999999999861e+00
6.152342999999999762e+01,1.350707999999999913e+02,-2.653808999999999969e+02,1.074219000000000035e+00,2.546265000000000001e+00,1.707764000000000060e+00
8.612059999999999604e+01,1.457520000000000095e+02,-3.839721000000000117e+02,1.567749000000000059e+00,1.331299000000000010e+00,1.229735999999999940e+00
7.910156000000000631e+01,1.517333999999999889e+02,-4.519042000000000030e+02,2.056884999999999852e+00,-5.650635000000000518e-01,1.295654000000000083e+00
2.185058000000000078e+01,1.610107000000000141e+02,-4.130858999999999810e+02,1.782837000000000005e+00,-1.530883999999999912e+00,9.893798999999999788e-01
-1.770019999999999882e+01,1.420897999999999968e+02,-3.142699999999999818e+02,9.305419999999999803e-01,-2.290404999999999802e+00,6.292725000000000124e-01
-9.020995000000000630e+01,1.495971999999999866e+02,-1.850586000000000126e+02,3.402100000000000124e-01,-2.453002999999999822e+00,4.299316000000000249e-01
-7.098389000000000237e+01,1.207275000000000063e+02,-1.226807000000000016e+02,3.046875000000000000e-01,-2.241576999999999931e+00,-4.016113000000000044e-01
-1.037598000000000020e+01,4.852293999999999841e+01,-4.553222000000000236e+01,1.489257999999999971e-01,-3.097656000000000187e+00,-4.320068000000000241e-01
2.758789000000000158e+01,6.530761000000000038e+00,6.506347999999999843e+01,8.215332000000000190e-02,-3.456421000000000188e+00,-7.061768000000000489e-01
4.095459000000000316e+01,-9.515380000000000393e+01,2.111816000000000031e+02,5.877685999999999744e-01,-2.840332000000000079e+00,-7.667235999999999496e-01
-1.098632999999999971e+00,-1.735840000000000032e+02,3.056641000000000190e+02,1.566650000000000098e+00,-2.336791999999999980e+00,6.176758000000000248e-02
-4.541015000000000157e+01,-2.196655000000000086e+02,4.078369000000000142e+02,2.112915000000000099e+00,-1.525023999999999935e+00,8.596190999999999693e-01
-2.532958999999999961e+01,-2.271727999999999952e+02,4.421385999999999967e+02,2.354369999999999852e+00,2.863769999999999927e-01,1.541137999999999897e+00
-6.542968999999999369e+01,-1.890259000000000071e+02,4.077758000000000038e+02,2.099242999999999970e+00,1.562011999999999956e+00,2.494019000000000208e+00
-1.240233999999999952e+02,-1.235350999999999999e+02,2.814941000000000031e+02,1.441284000000000010e+00,2.881225999999999843e+00,2.948853000000000169e+00
-9.576415000000000077e+01,-3.778076000000000079e+01,1.433104999999999905e+02,9.268798999999999788e-01,3.362549000000000010e+00,3.252196999999999782e+00
6.469725999999999644e+00,1.110840000000000032e+02,-1.184692000000000007e+02,6.436768000000000489e-01,3.141846000000000139e+00,2.482299999999999951e+00
9.197996999999999446e+01,1.738281000000000063e+02,-2.966918999999999755e+02,1.250609999999999999e+00,1.737792999999999921e+00,1.322997999999999896e+00
1.516113000000000000e+02,1.782837000000000103e+02,-4.445799999999999841e+02,1.936034999999999950e+00,8.411864999999999482e-01,1.131714000000000109e+00
1.217651000000000039e+02,1.683959999999999866e+02,-5.007323999999999842e+02,2.272583000000000020e+00,-1.069946000000000064e+00,1.195923000000000069e+00
8.996581000000000472e+01,1.602172999999999945e+02,-4.372558000000000220e+02,1.703368999999999911e+00,-1.969359999999999999e+00,7.431640999999999941e-01
1.015014999999999930e+02,1.009521000000000015e+02,-3.388670999999999935e+02,9.468993999999999467e-01,-2.721191000000000138e+00,3.569336000000000175e-01
1.284790000000000134e+02,6.414794999999999447e+01,-2.325439000000000078e+02,6.350097999999999576e-01,-3.554565000000000197e+00,4.930419999999999803e-01
7.952880999999999290e+01,2.923583999999999961e+01,-1.165770999999999979e+01,5.174560999999999744e-01,-3.999512000000000178e+00,5.803222999999999576e-01
-4.937744000000000000e+01,-1.934814000000000078e+01,1.840819999999999936e+02,6.881104000000000109e-01,-3.447754000000000207e+00,3.140869000000000022e-01
-1.351929000000000087e+02,-9.930419000000000551e+01,3.520507000000000062e+02,1.266602000000000006e+00,-2.896605999999999792e+00,5.393065999999999693e-01
-1.748046999999999969e+02,-1.454467999999999961e+02,4.785156000000000063e+02,2.249877999999999822e+00,-2.002807999999999922e+00,1.119872999999999896e+00
-1.770629999999999882e+02,-1.751708999999999889e+02,5.060423999999999864e+02,2.692260999999999793e+00,-7.315673999999999788e-01,1.142700000000000049e+00
-1.395874000000000024e+02,-2.197875999999999976e+02,4.547119000000000142e+02,2.652832000000000079e+00,1.178344999999999976e+00,1.936279000000000083e+00
-1.326294000000000040e+02,-1.822510000000000048e+02,3.610228999999999928e+02,2.109252999999999822e+00,2.204346000000000139e+00,2.956542999999999921e+00
-1.007690000000000055e+02,-8.813475999999999999e+01,1.815795999999999992e+02,1.341309000000000085e+00,2.746338000000000168e+00,3.157103999999999910e+00
-2.233886000000000038e+01,4.846191000000000315e+01,-9.399414000000000158e+00,7.618407999999999847e-01,2.523438000000000070e+00,3.249756000000000089e+00
1.715088000000000079e+01,1.779174999999999898e+02,-1.744995000000000118e+02,8.596190999999999693e-01,2.521240000000000148e+00,2.446166999999999980e+00
1.109008999999999929e+02,2.359009000000000071e+02,-3.914184000000000196e+02,1.669921999999999906e+00,1.464599999999999902e+00,1.256958000000000020e+00
1.632079999999999984e+02,2.489012999999999920e+02,-4.967040999999999826e+02,2.287230999999999792e+00,7.470702999999999372e-02,1.342284999999999950e+00
1.887817000000000007e+02,2.499388999999999896e+02,-5.285034000000000560e+02,2.448729999999999851e+00,-1.744872999999999896e+00,1.005981000000000014e+00
1.661987000000000023e+02,2.189330999999999960e+02,-4.531250000000000000e+02,1.796265000000000001e+00,-3.239501999999999882e+00,6.397705000000000197e-01
1.123046999999999969e+02,1.563720999999999890e+02,-2.563476999999999748e+02,9.506835999999999620e-01,-3.999512000000000178e+00,6.750488000000000322e-02
1.275023999999999944e+02,3.613280999999999921e+01,3.283691000000000315e+01,4.719238000000000044e-01,-3.999512000000000178e+00,-2.989501999999999993e-01
1.586913999999999936e+00,-3.363036999999999921e+01,2.161254999999999882e+02,5.933838000000000168e-01,-3.702392999999999823e+00,1.696777000000000007e-02
-4.418945000000000078e+01,-1.026611000000000047e+02,3.650511999999999944e+02,1.289795000000000025e+00,-2.111937999999999871e+00,4.792480000000000073e-01
-1.082763999999999953e+02,-1.160277999999999992e+02,4.295043000000000006e+02,1.715697999999999945e+00,-1.283935999999999966e+00,9.644774999999999876e-01
-1.633300999999999874e+02,-1.430054000000000087e+02,4.542846000000000117e+02,2.065796000000000188e+00,-3.975830000000000197e-01,1.099487000000000103e+00
-1.308593999999999937e+02,-1.768188000000000102e+02,4.384155000000000086e+02,2.094971000000000139e+00,6.522217000000000153e-01,1.361693999999999960e+00
-1.195678999999999945e+02,-1.862181999999999960e+02,3.628539999999999850e+02,1.813720999999999917e+00,2.350098000000000020e+00,2.066284000000000010e+00
-1.993408000000000015e+02,-9.167480000000000473e+01,1.866454999999999984e+02,1.184936999999999907e+00,3.248901000000000039e+00,3.966187000000000129e+00
-8.203123999999999683e+01,8.599853000000000236e+01,-9.887695000000000789e+00,7.280273000000000438e-01,2.743895999999999891e+00,3.314331000000000138e+00
9.222410999999999603e+01,1.594238000000000000e+02,-2.267455999999999960e+02,9.167480000000000073e-01,1.758545000000000025e+00,1.635253999999999985e+00
1.394043000000000063e+02,1.703490999999999929e+02,-3.189087000000000103e+02,1.135985999999999940e+00,8.731689000000000256e-01,1.572753999999999985e+00
6.921387000000000000e+01,1.967772999999999968e+02,-3.673706000000000245e+02,1.307617000000000029e+00,-3.383788999999999825e-01,1.036011000000000015e+00
5.859375000000000000e+01,1.719360000000000070e+02,-3.602293999999999983e+02,1.310302999999999995e+00,-1.020874000000000059e+00,5.433350000000000124e-01
9.954833000000000709e+01,1.371459999999999866e+02,-3.234863000000000284e+02,8.491210999999999620e-01,-1.605224999999999902e+00,6.738281000000000409e-01
1.058960000000000008e+02,1.225585999999999984e+02,-2.747192000000000007e+02,4.710693000000000241e-01,-2.259033000000000069e+00,4.364013999999999949e-01
1.007079999999999984e+02,9.460447999999999524e+01,-2.092284999999999968e+02,2.637939000000000256e-01,-2.978638000000000119e+00,1.452637000000000025e-02
1.325683999999999969e+02,3.710938000000000159e+01,-2.612303999999999959e+01,1.275634999999999963e-01,-3.999512000000000178e+00,-8.618164000000000380e-02
1.245116999999999940e+01,-2.307129000000000119e+01,1.815795999999999992e+02,3.315429999999999766e-01,-3.951538000000000217e+00,-1.667480000000000073e-01
-7.977294999999999447e+01,-1.150512999999999977e+02,3.668211999999999762e+02,1.181030000000000024e+00,-2.638428000000000218e+00,2.215575999999999934e-01
-1.663207999999999913e+02,-1.455688000000000102e+02,4.601440000000000055e+02,2.152588000000000168e+00,-1.053101000000000065e+00,9.667968999999999591e-01
-1.506348000000000127e+02,-1.928100000000000023e+02,4.559325999999999794e+02,2.363159000000000010e+00,3.482665999999999817e-01,1.409667999999999921e+00
-1.083983999999999952e+02,-1.741332999999999913e+02,3.378906000000000063e+02,1.797852000000000006e+00,2.479369999999999852e+00,2.830566000000000138e+00
-9.930419000000000551e+01,-7.696532999999999447e+01,1.891478999999999928e+02,1.076659999999999950e+00,3.309813999999999812e+00,3.700194999999999901e+00
-1.507568000000000019e+01,7.141113000000000000e+01,-3.942871000000000237e+01,6.589355000000000073e-01,3.295043999999999862e+00,2.881835999999999842e+00
6.604004000000000474e+01,1.372681000000000040e+02,-1.981810999999999865e+02,8.261718999999999591e-01,2.409057999999999922e+00,2.081542999999999921e+00
8.996581000000000472e+01,1.754761000000000024e+02,-3.118285999999999945e+02,1.230347000000000079e+00,7.687988000000000044e-01,1.098267000000000104e+00
5.743408000000000158e+01,1.477050999999999874e+02,-3.376464000000000283e+02,1.327881000000000089e+00,-3.552246000000000015e-01,5.087890999999999941e-01
2.380370999999999793e+00,1.109619000000000000e+02,-3.098145000000000095e+02,1.104613999999999985e+00,-1.402709999999999901e+00,7.122802999999999773e-01
1.037598000000000020e+00,1.019896999999999991e+02,-2.619628999999999905e+02,5.687256000000000533e-01,-1.582152999999999921e+00,6.431885000000000518e-01
2.093506000000000000e+01,1.004027999999999992e+02,-2.243651999999999873e+02,2.579346000000000139e-01,-2.099609000000000059e+00,4.750977000000000117e-01
1.831054999999999922e+01,8.709716000000000236e+01,-1.456298999999999921e+02,-4.064940999999999693e-02,-2.885132000000000030e+00,2.105712999999999890e-01
8.239746000000000237e+00,7.269286999999999921e+01,-5.480957000000000079e+01,-1.997069999999999956e-01,-3.336425999999999892e+00,-3.557128999999999985e-01
4.046629999999999683e+01,-1.763916000000000039e+01,9.527586999999999762e+01,-1.632079999999999920e-01,-3.355834999999999901e+00,-9.897460999999999620e-01
-2.740477999999999881e+01,-1.013794000000000040e+02,2.345580999999999960e+02,2.958984000000000059e-01,-2.458007999999999971e+00,-3.546142999999999934e-01
-3.027344000000000079e+01,-1.416625999999999976e+02,2.847900000000000205e+02,7.949218999999999591e-01,-1.638549999999999951e+00,-9.289551000000000058e-02
-3.009033000000000158e+01,-1.699829000000000008e+02,3.086548000000000229e+02,1.304199000000000108e+00,-1.027709999999999901e+00,6.110839999999999606e-01
-2.905273000000000039e+01,-1.560669000000000040e+02,3.004760999999999740e+02,1.556273999999999935e+00,-5.023193000000000241e-01,9.891356999999999511e-01
7.019041999999999781e+00,-1.511841000000000008e+02,2.874755999999999858e+02,1.490234000000000059e+00,1.202515000000000001e+00,1.873169000000000084e+00
-6.750488000000000000e+01,-1.110840000000000032e+02,2.133788999999999874e+02,9.837645999999999891e-01,2.803223000000000020e+00,2.969237999999999822e+00
-3.710938000000000159e+01,-4.333496000000000237e+00,3.100585999999999842e+01,5.056152000000000424e-01,3.557983000000000118e+00,3.526000999999999941e+00
5.499266999999999683e+01,1.348266999999999882e+02,-1.675415000000000134e+02,6.918944999999999679e-01,2.520507999999999971e+00,2.653563999999999812e+00
1.149291999999999945e+02,1.749877999999999929e+02,-2.731322999999999865e+02,1.053466999999999931e+00,1.156250000000000000e+00,1.690795999999999966e+00
5.114746000000000237e+01,1.609497000000000071e+02,-2.905273000000000252e+02,9.870605000000000073e-01,-6.591797000000000351e-01,6.129149999999999876e-01
6.469725999999999644e+00,1.240233999999999952e+02,-2.622681000000000040e+02,7.752685999999999744e-01,-8.463135000000000518e-01,3.728026999999999869e-01
6.945801000000000158e+01,1.038208000000000055e+02,-2.661132999999999811e+02,4.635009999999999963e-01,-9.340819999999999679e-01,5.673827999999999649e-01
6.799316000000000315e+01,9.704588999999999999e+01,-2.597656000000000063e+02,2.736816000000000249e-01,-1.946410999999999891e+00,3.568115000000000037e-01
5.981445000000000078e+01,6.341552000000000078e+01,-1.571045000000000016e+02,-2.258301000000000058e-02,-3.373778999999999861e+00,-3.320312999999999737e-02
8.361814999999999998e+01,1.617432000000000158e+01,1.080321999999999960e+01,-7.653809000000000307e-02,-3.999512000000000178e+00,-5.832519999999999927e-01
9.521483999999999170e+00,-5.480957000000000079e+01,1.727295000000000016e+02,1.735839999999999883e-01,-3.731444999999999901e+00,-5.375976999999999562e-01
-7.366943000000000552e+01,-1.351317999999999984e+02,3.291625000000000227e+02,1.034667999999999921e+00,-2.436646000000000090e+00,8.532715000000000438e-02
-1.058349000000000046e+02,-1.635132000000000119e+02,4.010009000000000015e+02,1.690552000000000055e+00,-1.741333000000000020e+00,8.934326000000000212e-01
-1.264647999999999968e+02,-1.910399999999999920e+02,4.345702999999999747e+02,2.336791999999999980e+00,-1.037597999999999993e-02,1.250000000000000000e+00
-1.262817000000000007e+02,-2.061157000000000039e+02,3.831786999999999921e+02,1.944824000000000108e+00,2.290649000000000157e+00,2.702026000000000039e+00
-1.323241999999999905e+02,-1.182861000000000047e+02,2.120971000000000117e+02,1.294677999999999995e+00,3.224486999999999881e+00,3.805054000000000158e+00
-3.472899999999999920e+01,4.803466000000000236e+01,-2.697754000000000119e+01,7.950439000000000256e-01,3.443359000000000059e+00,3.288940000000000197e+00
6.384277000000000157e+01,1.302489999999999952e+02,-2.016600999999999999e+02,9.826660000000000394e-01,2.666382000000000030e+00,2.230713000000000168e+00
1.445922999999999945e+02,1.640625000000000000e+02,-3.690185000000000173e+02,1.555785999999999891e+00,1.219727000000000006e+00,1.389037999999999995e+00
1.245726999999999975e+02,1.575317000000000007e+02,-4.230957000000000221e+02,1.842896000000000090e+00,9.753417999999999810e-02,9.819335999999999620e-01
9.790037999999999840e+01,1.129150000000000063e+02,-4.279784999999999968e+02,1.827026000000000039e+00,-1.153442000000000078e+00,7.785644999999999927e-01
8.624267000000000394e+01,8.905028000000000077e+01,-3.920898000000000252e+02,1.161499000000000059e+00,-2.229125999999999941e+00,8.071289000000000380e-01
1.677246000000000095e+02,6.701659999999999684e+01,-3.166503999999999905e+02,8.455810999999999744e-01,-3.186767999999999823e+00,7.850342000000000153e-01
1.389771000000000072e+02,3.399658000000000158e+01,-9.936521999999999366e+01,4.538574000000000219e-01,-3.999512000000000178e+00,1.011107999999999896e+00
4.333496000000000237e+00,2.685547000000000040e+01,1.251221000000000032e+02,4.406738000000000044e-01,-3.885375999999999941e+00,6.729735999999999496e-01
-4.669189000000000078e+01,-2.398680999999999841e+01,2.823485999999999763e+02,8.604735999999999496e-01,-2.419799999999999951e+00,6.595459000000000183e-01
-1.049193999999999960e+02,-4.388427000000000078e+01,3.843994000000000142e+02,1.491333000000000020e+00,-2.427979000000000109e+00,9.305419999999999803e-01
-2.283325000000000102e+02,-1.003418000000000063e+02,5.317382999999999811e+02,2.717773000000000216e+00,-1.429931999999999981e+00,1.040648999999999935e+00
-2.250365999999999929e+02,-1.681518000000000086e+02,5.465087999999999511e+02,3.113281000000000187e+00,4.851074000000000219e-01,1.528075999999999990e+00
-2.030029000000000110e+02,-2.061157000000000039e+02,4.644775000000000205e+02,2.866699000000000108e+00,1.638427999999999995e+00,2.437622000000000178e+00
-1.850586000000000126e+02,-1.248778999999999968e+02,2.731322999999999865e+02,1.823607999999999896e+00,2.900269000000000208e+00,3.964965999999999990e+00
-1.135863999999999976e+02,3.228759999999999764e+01,9.875486999999999682e+01,1.119995000000000074e+00,2.897583000000000020e+00,3.876586999999999783e+00
2.880858999999999881e+01,1.668701000000000079e+02,-1.329955999999999960e+02,9.840088000000000168e-01,2.549805000000000099e+00,2.255615000000000148e+00
1.239013999999999953e+02,2.111205999999999960e+02,-3.040160999999999945e+02,1.417113999999999985e+00,1.845580999999999916e+00,1.855834999999999901e+00
1.774292000000000087e+02,2.623901000000000181e+02,-4.580688000000000102e+02,2.295409999999999950e+00,4.935302999999999773e-01,1.678833000000000020e+00
2.021484000000000094e+02,2.722778000000000134e+02,-5.242920000000000300e+02,2.941527999999999921e+00,-1.064087000000000005e+00,1.313231999999999955e+00
2.160644000000000062e+02,2.410278000000000134e+02,-5.088500000000000227e+02,2.552124000000000059e+00,-2.006225999999999843e+00,1.053833000000000020e+00
1.514282000000000039e+02,1.836547999999999945e+02,-3.972167000000000030e+02,1.570923000000000069e+00,-3.705077999999999872e+00,5.772705000000000197e-01
1.196289000000000016e+02,1.254271999999999991e+02,-2.150268000000000086e+02,7.445068000000000241e-01,-3.999512000000000178e+00,1.013183999999999960e-02
5.334472000000000236e+01,1.165770999999999979e+01,1.422119000000000000e+01,3.564453000000000205e-01,-3.982543999999999862e+00,-7.531738000000000322e-02
1.953125000000000000e+00,-2.996826000000000079e+01,1.559447999999999865e+02,4.338378999999999985e-01,-3.312377999999999822e+00,1.749267999999999934e-01
-8.081054000000000315e+01,-8.575437999999999761e+01,2.973632999999999811e+02,1.050415000000000099e+00,-3.136229999999999851e+00,2.076416000000000095e-01
-1.923217999999999961e+02,-1.939087000000000103e+02,5.000609999999999786e+02,2.673340000000000050e+00,-3.026367000000000029e+00,3.469238000000000044e-01
-2.774658000000000015e+02,-2.885131999999999834e+02,6.087036000000000513e+02,3.916382000000000030e+00,-1.752440999999999915e+00,1.183959999999999901e+00
-3.278808000000000220e+02,-3.371582000000000221e+02,6.001586999999999534e+02,3.998778999999999861e+00,6.623535000000000394e-01,3.251952999999999872e+00
-2.733154000000000110e+02,-2.530517000000000110e+02,4.403075999999999794e+02,3.082885999999999793e+00,2.046142999999999823e+00,3.999512000000000178e+00
-1.223144000000000062e+02,-3.588866999999999763e+01,1.723633000000000095e+02,1.307860999999999940e+00,2.543578999999999812e+00,3.921021000000000090e+00
3.265381000000000000e+01,6.262207000000000079e+01,-5.798339000000000354e+00,8.972168000000000365e-01,2.399048000000000069e+00,3.122313999999999812e+00
1.489867999999999881e+02,1.738891000000000133e+02,-2.103882000000000119e+02,1.021362000000000103e+00,1.898193000000000019e+00,2.425659000000000010e+00
1.891478999999999928e+02,2.397461000000000126e+02,-3.812866000000000213e+02,1.722290000000000099e+00,9.107665999999999817e-01,1.658813000000000093e+00
1.968994000000000142e+02,2.470092999999999961e+02,-4.594725999999999999e+02,2.187987999999999822e+00,1.250000000000000000e-01,1.371215999999999990e+00
2.042236000000000047e+02,2.477417000000000087e+02,-5.095824999999999818e+02,2.523315000000000197e+00,-1.069579999999999975e+00,1.174315999999999915e+00
2.024535999999999945e+02,2.221068999999999960e+02,-4.857176999999999794e+02,2.123047000000000128e+00,-2.252562999999999871e+00,9.173584000000000183e-01
6.555176000000000158e+01,1.763916000000000111e+02,-2.906494000000000142e+02,9.096680000000000321e-01,-3.813965000000000050e+00,4.150390999999999803e-02
4.718016999999999683e+01,7.073975000000000080e+01,-1.405029000000000110e+02,6.520996000000000015e-01,-3.759154999999999802e+00,-6.511230000000000073e-01
3.137207000000000079e+01,-1.843262000000000000e+01,6.341552000000000078e+01,4.464111000000000051e-01,-3.999512000000000178e+00,1.472168000000000088e-01
-3.320313000000000159e+01,-7.830810999999999922e+01,2.548217999999999961e+02,8.527831999999999635e-01,-3.068236999999999881e+00,-6.433105000000000073e-02
-9.313963999999999999e+01,-1.431885000000000048e+02,3.544920999999999935e+02,1.415893999999999986e+00,-2.689331000000000138e+00,1.063232000000000066e-01
-1.758422999999999945e+02,-2.286987000000000023e+02,4.759520999999999731e+02,2.583495999999999793e+00,-1.698363999999999985e+00,8.822020999999999891e-01
-1.617430999999999983e+02,-2.481689000000000078e+02,5.042724000000000046e+02,2.954467999999999872e+00,-6.760253999999999985e-01,1.878905999999999965e+00
-1.528931000000000040e+02,-1.824341000000000008e+02,4.375609999999999786e+02,2.478759999999999852e+00,1.535889000000000060e+00,3.061890000000000001e+00
-1.202391999999999967e+02,-1.321410999999999945e+02,2.918091000000000008e+02,1.678101000000000065e+00,2.971801999999999833e+00,2.922973999999999961e+00
-4.699707000000000079e+01,-3.363036999999999921e+01,7.110595999999999606e+01,8.128661999999999832e-01,2.918944999999999901e+00,3.554809999999999803e+00
4.339598999999999762e+01,1.116333000000000055e+02,-1.299438000000000102e+02,8.626709000000000183e-01,2.815674000000000010e+00,2.859131000000000089e+00
1.323853000000000009e+02,1.768798999999999921e+02,-2.997436999999999898e+02,1.389647999999999994e+00,2.272583000000000020e+00,2.039794999999999803e+00
1.639404000000000110e+02,2.067871000000000095e+02,-4.678955000000000268e+02,2.104248000000000118e+00,4.481201000000000212e-01,1.547606999999999955e+00
1.445312999999999874e+02,2.293091000000000008e+02,-4.930418999999999983e+02,2.416748000000000118e+00,-1.150635000000000074e+00,1.166137999999999897e+00
1.382445999999999913e+02,1.817626999999999953e+02,-4.234008000000000038e+02,1.803344999999999976e+00,-2.368285999999999891e+00,4.204102000000000117e-01
1.156616000000000071e+02,1.345215000000000032e+02,-3.277586999999999762e+02,9.899902000000000424e-01,-3.078002999999999822e+00,1.834716999999999876e-01
1.118773999999999944e+02,3.942871000000000237e+01,-1.716307999999999936e+02,4.090576000000000212e-01,-3.425049000000000010e+00,-2.015380999999999978e-01
3.033446999999999960e+01,-4.272460999999999842e+00,4.028319999999999901e+00,2.188721000000000139e-01,-3.757690000000000197e+00,5.214843999999999591e-01
9.094238000000000710e+00,-2.343750000000000000e+01,1.363524999999999920e+02,4.024657999999999847e-01,-3.234497000000000178e+00,3.164062999999999737e-01
-4.656981999999999999e+01,-7.183838000000000079e+01,2.708129999999999882e+02,8.763427999999999773e-01,-2.517333999999999961e+00,2.867431999999999759e-01
-1.085815000000000055e+02,-1.266479000000000070e+02,3.642577999999999747e+02,1.526488999999999985e+00,-2.056151999999999980e+00,3.890380999999999978e-01
-1.524047999999999945e+02,-1.853026999999999873e+02,4.354857999999999834e+02,2.293334999999999901e+00,-1.042847000000000079e+00,1.064575000000000049e+00
-1.233520000000000039e+02,-1.885986000000000047e+02,4.496458999999999833e+02,2.469359999999999999e+00,1.282958999999999905e-01,1.742920000000000025e+00
-1.234131000000000000e+02,-1.826782000000000039e+02,4.073485999999999763e+02,2.246703999999999812e+00,1.880492999999999970e+00,1.919189000000000034e+00
-1.882324000000000126e+02,-1.798095000000000141e+02,2.803955000000000268e+02,1.635620000000000074e+00,2.806763000000000119e+00,3.398925999999999892e+00
-1.210327000000000055e+02,-2.252196999999999960e+01,6.011961999999999762e+01,1.013306000000000040e+00,3.672241000000000088e+00,3.999512000000000178e+00
7.055664000000000158e+01,1.774292000000000087e+02,-1.951294000000000040e+02,1.125977000000000006e+00,2.589478000000000169e+00,2.635132000000000030e+00
1.618651999999999873e+02,2.130737000000000023e+02,-3.513183000000000220e+02,1.614136000000000015e+00,1.344727000000000006e+00,1.862305000000000099e+00
1.124877999999999929e+02,2.565917999999999779e+02,-4.334105999999999881e+02,2.006104000000000109e+00,-5.142822000000000227e-01,1.340209999999999901e+00
1.009521000000000015e+02,2.379149999999999920e+02,-4.096678999999999746e+02,1.869628999999999985e+00,-1.221802000000000055e+00,2.961425999999999781e-01
1.072998000000000047e+02,1.702880999999999858e+02,-3.717040999999999826e+02,1.376465000000000050e+00,-1.991943000000000019e+00,3.442382999999999971e-01
8.074949999999999761e+01,1.241454999999999984e+02,-2.672728999999999928e+02,6.756592000000000153e-01,-2.640991000000000088e+00,1.596680000000000044e-01
8.038329000000000235e+01,7.897948999999999842e+01,-1.885986000000000047e+02,4.904784999999999839e-01,-2.884765999999999941e+00,-6.445312999999999737e-02
7.220458999999999605e+01,2.520751999999999882e+01,-3.936768000000000001e+01,2.977294999999999803e-01,-3.945679000000000158e+00,1.080321999999999949e-01
1.477050999999999981e+01,-1.446532999999999980e+01,1.315307999999999993e+02,4.543457000000000190e-01,-3.919433999999999862e+00,-9.020996000000000570e-02
-7.562255999999999290e+01,-1.088256999999999977e+02,3.121338000000000079e+02,1.114257999999999971e+00,-2.776123000000000118e+00,-4.248046999999999934e-02
-1.678466999999999985e+02,-1.860962000000000103e+02,4.285278000000000134e+02,2.314941000000000138e+00,-2.186278999999999861e+00,7.331543000000000365e-01
-1.885986000000000047e+02,-2.320555999999999983e+02,5.236816000000000031e+02,2.919067000000000078e+00,-9.307860999999999496e-01,1.805175999999999892e+00
-2.527466000000000008e+02,-2.506102999999999952e+02,4.786986999999999739e+02,3.087645999999999891e+00,2.193604000000000109e+00,2.576782000000000128e+00
-1.992797999999999945e+02,-1.995238999999999976e+02,2.532958999999999889e+02,1.827758999999999912e+00,3.643799000000000010e+00,3.993041999999999980e+00
-1.080321999999999960e+01,7.910156000000000631e+01,-2.789305999999999841e+01,9.080810999999999744e-01,3.821044999999999803e+00,3.963257000000000030e+00
1.212158000000000015e+02,1.890259000000000071e+02,-2.553711000000000126e+02,1.319214000000000109e+00,2.938353999999999910e+00,2.677124000000000059e+00
1.625365999999999929e+02,2.479248000000000047e+02,-4.396361999999999739e+02,1.995972000000000079e+00,7.254639000000000504e-01,1.794434000000000085e+00
1.387329000000000008e+02,2.730102999999999724e+02,-4.837035999999999945e+02,2.732299999999999951e+00,-1.494018999999999986e+00,7.963867000000000029e-01
1.148071000000000055e+02,2.210082999999999913e+02,-4.190672999999999888e+02,2.072144000000000208e+00,-2.691895000000000149e+00,2.447509999999999963e-01
5.200195000000000078e+01,1.375122000000000071e+02,-2.542113999999999976e+02,7.536621000000000015e-01,-3.441284000000000010e+00,-1.408690999999999971e-01
5.737303999999999959e+00,7.958983999999999526e+01,-1.301270000000000095e+02,2.954102000000000117e-01,-3.387938999999999812e+00,-2.103270999999999891e-01
7.049560999999999922e+01,3.741454999999999842e+01,5.798339000000000354e+00,3.280028999999999861e-01,-3.941527999999999921e+00,-2.913818000000000241e-01
1.922606999999999999e+01,-1.672363000000000000e+01,1.762694999999999936e+02,5.106201000000000212e-01,-3.977660999999999891e+00,-6.375731999999999511e-01
-1.072387999999999977e+02,-1.535033999999999992e+02,3.655394999999999754e+02,1.535889000000000060e+00,-2.910889000000000060e+00,-5.308838000000000168e-01
-1.747435999999999865e+02,-2.711791999999999803e+02,4.769286999999999921e+02,2.882568000000000019e+00,-1.757935000000000025e+00,6.383056999999999759e-01
-1.640625000000000000e+02,-2.979735999999999763e+02,5.086668999999999983e+02,3.329346000000000139e+00,-3.637695000000000234e-01,1.858521000000000090e+00
-1.597899999999999920e+02,-2.621460000000000150e+02,4.228514999999999873e+02,2.830811000000000188e+00,2.294678000000000218e+00,3.317626999999999882e+00
-1.717529000000000110e+02,-1.750488000000000000e+02,2.491454999999999984e+02,1.794799999999999951e+00,3.394531000000000187e+00,3.999512000000000178e+00
-2.154541000000000039e+01,1.108397999999999968e+02,-1.989745999999999881e+01,9.293213000000000168e-01,3.532958999999999961e+00,3.997313999999999812e+00
1.095580999999999960e+02,2.497557999999999936e+02,-2.481689000000000078e+02,1.308959999999999901e+00,2.721801999999999833e+00,2.560303000000000218e+00
2.020262999999999920e+02,2.904662999999999897e+02,-4.367674999999999841e+02,2.008300999999999892e+00,5.482177999999999773e-01,1.154906999999999906e+00
1.296997000000000071e+02,2.560425000000000182e+02,-4.564209000000000174e+02,2.235107000000000177e+00,-1.594481999999999955e+00,1.193847999999999993e-01
1.358032000000000039e+02,1.777954000000000008e+02,-3.893432000000000244e+02,1.569336000000000064e+00,-2.229614000000000207e+00,-1.625977000000000117e-01
1.575317000000000007e+02,8.593748999999999683e+01,-3.002930000000000064e+02,7.166747999999999452e-01,-2.681395999999999891e+00,3.265380999999999978e-01
1.140747000000000071e+02,5.285643999999999920e+01,-1.986693999999999960e+02,3.482665999999999817e-01,-3.108765000000000001e+00,5.482177999999999773e-01
8.587645999999999447e+01,3.308104999999999762e+01,-6.213378000000000156e+01,2.578125000000000000e-01,-2.993895999999999891e+00,5.631104000000000109e-01
1.015625000000000000e+02,1.843262000000000000e+01,3.472899999999999920e+01,3.634032999999999847e-01,-3.385985999999999940e+00,3.723144999999999927e-01
-1.129149999999999920e+01,-3.381347999999999843e+01,2.435912999999999897e+02,8.068847999999999576e-01,-3.422728999999999910e+00,4.150390999999999803e-02
-1.261597000000000008e+02,-1.287841999999999985e+02,4.185790999999999826e+02,1.881591999999999931e+00,-2.523070999999999842e+00,4.713134999999999963e-01
-1.978760000000000048e+02,-1.768188000000000102e+02,5.090332000000000221e+02,2.726195999999999842e+00,-1.576904000000000083e+00,1.062743999999999911e+00
-1.957396999999999991e+02,-2.188720000000000141e+02,5.284424000000000206e+02,3.046265000000000001e+00,4.904784999999999839e-01,1.961548000000000069e+00
-1.939696999999999889e+02,-2.046509000000000071e+02,4.110717000000000212e+02,2.444335999999999842e+00,2.213134999999999852e+00,2.870728000000000169e+00
-9.844970000000000709e+01,-1.170044000000000040e+02,1.879883000000000095e+02,1.282470999999999917e+00,3.203978999999999910e+00,3.797241000000000088e+00
-2.569579999999999842e+01,2.716064000000000078e+01,1.831054999999999922e+01,7.661132999999999971e-01,3.136840999999999990e+00,3.527832000000000079e+00
9.252929000000000315e+01,1.658325000000000102e+02,-2.154541000000000111e+02,9.716797000000000351e-01,2.478638000000000119e+00,2.267700000000000049e+00
1.030883999999999929e+02,2.060546999999999969e+02,-3.571777000000000157e+02,1.453368999999999911e+00,5.002440999999999693e-01,1.141723999999999961e+00
4.925536999999999921e+01,1.912841999999999985e+02,-3.607176999999999794e+02,1.539550999999999892e+00,-6.066894999999999927e-01,5.025635000000000518e-01
3.833008000000000237e+01,1.531982000000000141e+02,-3.347167000000000030e+02,1.323974999999999902e+00,-1.342896000000000090e+00,5.745850000000000124e-01
4.620360999999999763e+01,1.418456999999999937e+02,-3.153686999999999898e+02,8.946532999999999847e-01,-1.705443999999999960e+00,5.332031000000000409e-01
9.106444000000000472e+01,1.442871000000000095e+02,-2.677611999999999739e+02,4.321288999999999825e-01,-2.857543999999999862e+00,3.012695000000000234e-01
1.155395000000000039e+02,1.085815000000000055e+02,-1.702880999999999858e+02,2.252196999999999949e-01,-3.997924999999999951e+00,-6.560059000000000307e-01
8.374021999999999366e+01,-6.530761000000000038e+00,5.566405999999999921e+01,2.049561000000000022e-01,-3.999390000000000001e+00,-5.698242000000000029e-01
-1.141356999999999999e+01,-8.081054000000000315e+01,2.484740999999999929e+02,6.447753999999999985e-01,-2.932617000000000029e+00,-2.974854000000000109e-01
-1.684570000000000078e+01,-1.416625999999999976e+02,3.364257000000000062e+02,1.206542999999999921e+00,-2.181274000000000157e+00,-1.520996000000000015e-01
-1.113281000000000063e+02,-1.898192999999999984e+02,4.492187000000000126e+02,2.162720000000000198e+00,-1.602905000000000024e+00,8.863524999999999876e-01
-1.234131000000000000e+02,-1.989746000000000095e+02,4.597167000000000030e+02,2.441284000000000010e+00,9.997559000000000307e-02,1.447020999999999891e+00
-9.222410999999999603e+01,-1.787109000000000094e+02,3.371582000000000221e+02,1.959594999999999976e+00,2.169556000000000040e+00,2.480713000000000168e+00
-4.583740000000000236e+01,-1.118773999999999944e+02,2.002563000000000102e+02,1.061768000000000045e+00,2.968140000000000001e+00,3.508544999999999803e+00
-9.155271999999999855e-01,4.589842999999999762e+01,8.544920999999999767e-01,7.320556999999999759e-01,2.967528999999999861e+00,3.255736999999999881e+00
5.163573999999999842e+01,1.403197999999999865e+02,-1.736450000000000102e+02,7.851563000000000292e-01,1.802002000000000104e+00,1.959961000000000064e+00
5.560302000000000078e+01,1.610717999999999961e+02,-2.449951000000000079e+02,9.432372999999999452e-01,8.765868999999999467e-01,1.159057999999999922e+00
2.349852999999999881e+01,1.473999000000000024e+02,-2.882080000000000268e+02,1.072387999999999897e+00,-8.142090000000000438e-02,8.111572000000000227e-01
-1.330565999999999960e+01,1.514282000000000039e+02,-2.887572999999999865e+02,1.130614999999999926e+00,-8.477782999999999847e-01,9.708252000000000548e-01
6.103515999999999941e-01,1.566771999999999991e+02,-2.501830999999999960e+02,7.487793000000000365e-01,-1.420897999999999994e+00,5.065918000000000365e-01
1.464844000000000079e+01,1.223144000000000062e+02,-1.988524999999999920e+02,1.606444999999999956e-01,-1.636107999999999896e+00,1.566162000000000110e-01
1.031494000000000000e+01,9.667968000000000472e+01,-1.724242999999999881e+02,-8.361815999999999693e-02,-2.044799999999999951e+00,3.676757999999999971e-01
8.508299999999999841e+01,1.229248000000000047e+02,-1.291503999999999905e+02,-1.323242000000000029e-01,-3.091797000000000128e+00,-3.956298999999999788e-01
1.507567999999999984e+02,6.115722000000000236e+01,-2.355957000000000079e+01,-2.250977000000000117e-01,-3.940186000000000188e+00,-1.189208999999999961e+00
6.750488000000000000e+01,-5.902098999999999762e+01,1.593017999999999859e+02,-2.990722999999999993e-02,-3.091674999999999951e+00,-8.325194999999999679e-01
1.580809999999999960e+01,-1.218872000000000071e+02,2.581177000000000135e+02,5.895996000000000015e-01,-2.389159999999999950e+00,-4.040526999999999869e-01
-8.050535999999999603e+01,-1.753540000000000134e+02,3.584594000000000165e+02,1.559936999999999907e+00,-1.836425999999999892e+00,6.423339999999999606e-01
-5.792235999999999763e+01,-1.754149999999999920e+02,4.214476999999999975e+02,2.192626999999999882e+00,-8.615722999999999576e-01,1.483031999999999906e+00
3.277588000000000079e+01,-1.601562999999999874e+02,4.214476999999999975e+02,2.375000000000000000e+00,9.855956999999999635e-01,1.987060999999999966e+00
-3.686522999999999683e+01,-7.940673999999999921e+01,2.493896000000000015e+02,1.553223000000000020e+00,3.694091999999999931e+00,2.834595000000000198e+00
3.009033000000000158e+01,-1.300048999999999921e+01,7.421875000000000000e+01,9.436035000000000394e-01,3.885619999999999852e+00,2.826538000000000217e+00
2.996826000000000079e+01,7.946777000000000157e+01,-1.298217999999999961e+02,7.155761999999999956e-01,2.825683999999999862e+00,2.010498000000000118e+00
5.297850999999999999e+01,1.096191000000000031e+02,-2.494507000000000119e+02,9.228515999999999941e-01,2.152953999999999812e+00,1.260010000000000074e+00
4.888915999999999684e+01,1.003418000000000063e+02,-3.689574999999999818e+02,1.282103999999999910e+00,1.074219000000000035e+00,8.287354000000000109e-01
5.651854999999999762e+01,9.600829000000000235e+01,-4.324340000000000259e+02,1.717406999999999906e+00,-2.390136999999999956e-01,8.671875000000000000e-01
5.059814000000000078e+01,8.880613999999999919e+01,-4.324340000000000259e+02,1.605590999999999990e+00,-1.250853999999999910e+00,9.262694999999999679e-01
6.585693000000000552e+01,7.922363000000000000e+01,-3.395384999999999991e+02,9.188231999999999511e-01,-2.643555000000000099e+00,5.268555000000000321e-01
6.469727000000000317e+01,2.947998000000000118e+01,-2.277831999999999937e+02,5.513915999999999817e-01,-3.329956000000000138e+00,1.414795000000000080e-01
1.831054999999999922e+01,-8.422852000000000672e+00,-3.076172000000000040e+01,1.864013999999999949e-01,-3.967041000000000039e+00,8.778076000000000212e-01
5.493164000000000380e-01,4.211426000000000336e+00,1.123657000000000039e+02,3.647461000000000175e-01,-3.505980999999999792e+00,4.229736000000000051e-01
-5.902098999999999762e+01,-4.394530999999999921e+01,2.807617000000000189e+02,8.100585999999999620e-01,-2.956299000000000010e+00,1.541748000000000007e-01
-1.528319999999999936e+02,-1.114501999999999953e+02,4.120482999999999834e+02,1.789916999999999980e+00,-1.808594000000000035e+00,5.640868999999999467e-01
-1.657715000000000032e+02,-1.622924999999999898e+02,4.412230999999999881e+02,2.202148000000000216e+00,-9.542235999999999496e-01,9.863281000000000409e-01
-9.448241000000000156e+01,-1.766357000000000141e+02,4.315185000000000173e+02,2.285889000000000060e+00,6.697997999999999452e-01,1.833252000000000104e+00
-8.587645999999999447e+01,-1.683349000000000046e+02,3.316039999999999850e+02,1.860106999999999955e+00,2.138428000000000218e+00,2.205321999999999782e+00
-5.834960000000000235e+01,-8.734130000000000393e+01,1.766967999999999961e+02,1.020386000000000015e+00,2.888916000000000039e+00,3.404784999999999950e+00
-4.003905999999999921e+01,2.197265000000000157e+01,2.282714999999999961e+01,6.795653999999999861e-01,3.244140999999999941e+00,3.066650000000000098e+00
7.830810999999999922e+01,1.388549999999999898e+02,-1.987304000000000030e+02,8.411864999999999482e-01,2.430664000000000158e+00,2.242919999999999803e+00
1.013794000000000040e+02,1.868896000000000015e+02,-3.342894999999999754e+02,1.318848000000000020e+00,9.887694999999999679e-01,1.344970999999999917e+00
6.439208999999999605e+01,1.882324000000000126e+02,-3.733519999999999754e+02,1.535644999999999927e+00,-1.062012000000000025e-02,6.765136999999999956e-01
9.277343999999999369e+00,1.506348000000000127e+02,-3.555296999999999912e+02,1.316040000000000099e+00,-1.187256000000000089e+00,3.325195000000000234e-01
-5.798339000000000354e+00,1.328125000000000000e+02,-3.161010999999999740e+02,8.707274999999999876e-01,-1.774780000000000024e+00,1.453857000000000066e-01
3.118896000000000157e+01,9.399412999999999840e+01,-2.323608000000000118e+02,2.679443000000000241e-01,-2.701903999999999861e+00,-2.440186000000000022e-01
5.291747999999999763e+01,3.631591999999999842e+01,-1.448363999999999976e+02,6.079102000000000117e-02,-3.445800999999999892e+00,-4.370117000000000029e-01
4.156494000000000000e+01,-1.739501999999999882e+01,2.423094999999999999e+01,-5.725097999999999993e-02,-3.779053000000000218e+00,1.464844000000000085e-03
4.333496000000000237e+00,-6.823730000000000473e+01,1.826782000000000039e+02,2.386475000000000124e-01,-2.849975999999999843e+00,-3.118895999999999891e-01
-2.520751999999999882e+01,-1.142578000000000031e+02,2.613525000000000205e+02,6.369628999999999985e-01,-2.177855999999999792e+00,7.275391000000000497e-02
-6.884766000000000474e+01,-1.434326000000000079e+02,3.267210999999999785e+02,1.237549000000000010e+00,-1.462645999999999891e+00,6.130371000000000015e-01
-9.423826999999999998e+01,-1.581420999999999992e+02,3.518675999999999817e+02,1.608643000000000045e+00,-8.010253999999999985e-01,9.135742000000000029e-01
-7.720946999999999605e+01,-1.755371000000000095e+02,3.278197999999999865e+02,1.735473999999999961e+00,3.549804999999999766e-01,1.906616000000000088e+00
-1.358032000000000039e+02,-1.510010000000000048e+02,2.445067999999999984e+02,1.320556999999999981e+00,2.580932999999999922e+00,2.576782000000000128e+00
-1.013182999999999936e+02,-8.441160999999999603e+01,1.068725000000000023e+02,7.646484000000000059e-01,2.710815000000000197e+00,3.748534999999999950e+00
-1.147461000000000020e+01,1.040648999999999944e+02,-8.441160999999999603e+01,6.141356999999999511e-01,2.439696999999999782e+00,3.258910999999999891e+00
7.922363000000000000e+01,1.812134000000000071e+02,-2.200317000000000007e+02,9.594726999999999562e-01,1.652709999999999901e+00,2.225464000000000109e+00
9.680174999999999841e+01,2.384033000000000015e+02,-3.266600999999999999e+02,1.447997999999999896e+00,-1.083984000000000059e-01,1.325806000000000040e+00
