-5.107420999999999935e+02,-3.277588000000000079e+01,-2.386474000000000117e+01,-5.623778999999999861e-01,-1.944579999999999920e-01,6.224364999999999482e-01
-1.338440000000000055e+03,6.890869000000000710e+01,-6.347655999999999743e+00,-7.005614999999999482e-01,-1.230590999999999990e+00,7.991943000000000241e-01
-1.077942000000000007e+03,6.347655999999999921e+01,6.457519999999999527e+01,-6.767577999999999649e-01,-3.449707000000000190e-01,-6.663818000000000241e-01
2.202759000000000071e+02,3.479003999999999763e+01,5.786131999999999920e+01,-3.922119000000000022e-01,4.057617000000000029e-01,-1.640381000000000089e+00
7.699583999999999833e+02,-4.382323999999999842e+01,-3.533935999999999922e+01,-6.339110999999999496e-01,7.302246000000000015e-01,-1.807982999999999896e+00
7.301634999999999991e+02,-1.302489999999999952e+02,-1.654053000000000040e+01,-6.665039000000000380e-01,-1.052124000000000059e+00,5.981444999999999679e-01
4.285887999999999920e+02,-2.764892000000000039e+01,2.069091999999999842e+01,-6.188964999999999606e-01,-2.685546999999999795e-01,6.949463000000000168e-01
-3.893432000000000244e+02,-1.226806999999999981e+01,-1.586913999999999936e+00,-5.805664000000000380e-01,-5.258789000000000380e-01,6.140136999999999956e-01
-8.872069000000000187e+02,6.658935999999999922e+01,3.234863000000000000e+01,-4.884032999999999847e-01,-9.680176000000000336e-01,3.283691000000000249e-01
-7.208861000000000558e+02,7.641602000000000317e+01,5.841064000000000078e+01,-5.307617000000000029e-01,-1.168213000000000029e-01,-4.273681999999999759e-01
3.664549999999999841e+02,9.783934999999999604e+01,9.155272999999999328e+00,-4.442138999999999949e-01,8.325194999999999679e-01,-2.092773000000000216e+00
6.077270999999999503e+02,-1.738281000000000063e+02,-8.776855000000000473e+01,-4.516602000000000117e-01,-3.555907999999999847e-01,-2.558228000000000169e+00
4.353027000000000157e+02,-5.047606999999999999e+01,7.012939000000000078e+01,-5.893555000000000321e-01,-1.459716999999999931e+00,1.558594000000000035e+00
2.025146000000000015e+02,3.417968999999999813e+00,7.641602000000000317e+01,-3.690185999999999744e-01,5.737304999999999836e-03,-7.226563000000000292e-01
-3.105468999999999937e+02,-3.076172000000000040e+01,7.568359000000000059e+00,-4.445800999999999781e-01,-1.306151999999999869e-01,6.520996000000000015e-01
-8.195189000000000306e+02,8.685302000000000078e+01,2.777099000000000117e+01,-6.701660000000000394e-01,-9.733886999999999956e-01,5.725097999999999993e-02
-9.361571000000000140e+02,4.644774999999999920e+01,8.898924999999999841e+01,-8.184814000000000256e-01,-2.237549000000000066e-01,-8.463135000000000518e-01
-5.236816000000000315e+01,3.662109000000000059e+00,6.311034999999999684e+01,-4.941405999999999854e-01,6.231689000000000256e-01,-1.097777999999999921e+00
6.241454999999999700e+02,6.530761000000000038e+00,1.617432000000000158e+01,-7.119140999999999941e-01,6.220702999999999649e-01,-9.661864999999999482e-01
9.568479999999999563e+02,-1.010131999999999977e+02,-1.326294000000000040e+02,-5.789794999999999803e-01,3.271484000000000059e-01,-1.255492999999999970e+00
1.045227000000000089e+03,-9.600829000000000235e+01,-1.135253999999999941e+01,-5.208739999999999482e-01,-7.110596000000000139e-01,1.371582000000000079e+00
6.793211999999999762e+02,-2.990721999999999881e+01,1.007080000000000020e+01,-4.788818000000000241e-01,-3.548584000000000183e-01,3.714600000000000124e-01
-6.077270999999999503e+02,-3.833008000000000237e+01,-6.347655999999999743e+00,-5.197753999999999985e-01,-9.191894999999999927e-02,7.709960999999999620e-01
-1.142394999999999982e+03,6.927490000000000236e+01,-4.089355000000000295e+00,-6.982422000000000351e-01,-1.310791000000000039e+00,1.259765999999999941e+00
-7.579954999999999927e+02,8.441160999999999603e+01,1.069335999999999984e+02,-5.659180000000000321e-01,-4.843750000000000000e-01,-4.287109000000000059e-01
1.336669999999999980e+01,6.494141000000000474e+01,8.758544000000000551e+01,-3.465576000000000212e-01,4.051513999999999949e-01,-1.234984999999999999e+00
3.358763999999999896e+02,-1.292725000000000080e+02,-6.317137999999999920e+01,-5.718993999999999467e-01,7.250977000000000117e-02,-1.972777999999999921e+00
1.817626999999999953e+02,-5.767822000000000315e+01,-3.302002000000000237e+01,-5.789794999999999803e-01,-8.073730000000000073e-01,1.697020999999999891e+00
2.664794999999999732e+02,4.132079999999999842e+01,1.324463000000000079e+01,-6.726073999999999664e-01,-1.207519999999999927e+00,-2.432861000000000051e-01
1.669310999999999865e+02,-1.220703000000000094e+00,4.681396000000000157e+01,-5.902100000000000124e-01,-6.663818000000000241e-01,-5.137939000000000256e-01
2.496338000000000079e+01,2.746582000000000079e+00,1.080321999999999960e+01,-6.357422000000000351e-01,-3.243407999999999847e-01,-1.380615000000000037e-01
-4.119872999999999763e+01,1.824951000000000079e+01,-2.313231999999999999e+01,-6.848144999999999927e-01,-7.371826000000000212e-01,-4.267578000000000205e-01
-8.288572999999999524e+01,-7.324218000000000117e-01,-2.539061999999999841e+01,-6.596680000000000321e-01,-7.725830000000000197e-01,-4.653320000000000234e-01
-1.079711999999999961e+02,-1.336669999999999980e+01,-5.432127999999999624e+00,-6.490479000000000109e-01,-6.983643000000000489e-01,-5.225830000000000197e-01
-1.080321999999999960e+01,-1.684570000000000078e+01,-4.028319999999999901e+00,-6.580810999999999744e-01,-4.277344000000000146e-01,-5.106201000000000212e-01
-1.284180000000000064e+02,-7.391357000000000710e+01,-8.825682999999999367e+01,-7.878418000000000365e-01,-5.446777000000000424e-01,-6.231689000000000256e-01
3.314209000000000316e+01,-7.629393999999999565e+00,8.007813000000000159e+01,-2.968750000000000000e-01,-1.101563000000000070e+00,-1.683350000000000124e-01
-3.655394999999999754e+02,-4.467772999999999683e+01,4.296875000000000000e+01,-6.549072000000000227e-01,-3.491211000000000175e-01,-3.662109000000000059e-01
-8.947142999999999802e+02,-6.396484000000000236e+01,8.410644000000000631e+01,-7.619628999999999985e-01,-1.084106000000000014e+00,-5.853270999999999891e-01
-9.478147999999999911e+02,-1.139526000000000039e+02,5.523680999999999841e+01,-6.514893000000000489e-01,-4.101562999999999737e-02,-1.636962999999999890e-01
-6.541747000000000298e+02,-6.231689000000000078e+01,2.056885000000000119e+01,-7.005614999999999482e-01,3.027344000000000146e-01,2.647705000000000197e-01
3.003539999999999850e+02,2.282714999999999961e+01,4.028320000000000078e+01,-8.010253999999999985e-01,7.501221000000000139e-01,1.123046999999999934e-01
9.450072000000000116e+02,5.541991999999999763e+01,1.092529000000000039e+01,-7.727051000000000336e-01,4.632568000000000241e-01,-3.807373000000000007e-01
1.377441000000000031e+03,3.198242000000000118e+01,-1.456298999999999921e+02,-7.950439000000000256e-01,1.384765999999999941e+00,-9.779052999999999773e-01
1.461853000000000065e+03,-1.584473000000000127e+02,-1.937865999999999929e+02,-3.211669999999999803e-01,-7.132568000000000241e-01,6.116943000000000241e-01
8.112791999999999462e+02,-1.672363000000000000e+01,-9.216309000000000751e+00,-5.751952999999999649e-01,-9.652100000000000124e-01,1.296265000000000001e+00
-3.682860999999999763e+02,-2.294922000000000040e+01,3.265381000000000000e+01,-6.909180000000000321e-01,-2.214355000000000073e-01,6.235351999999999562e-01
-1.088806000000000040e+03,3.680420000000000158e+01,5.957030999999999921e+01,-5.634765999999999941e-01,-8.931885000000000518e-01,1.669799999999999951e+00
-1.603942999999999984e+03,-2.294922000000000040e+01,2.156372000000000071e+02,-6.422118999999999467e-01,-1.129761000000000015e+00,-1.208496000000000015e-01
-8.746947000000000116e+02,-8.001708999999999605e+01,1.214599000000000046e+02,-6.307372999999999452e-01,7.420653999999999861e-01,6.319580000000000197e-01
4.934692000000000007e+02,5.059814000000000078e+01,3.295898000000000216e+00,-7.839355000000000073e-01,1.299193999999999960e+00,-4.061278999999999861e-01
1.157714999999999918e+03,1.422119000000000000e+01,-1.059569999999999936e+02,-8.360596000000000139e-01,2.491454999999999920e-01,-1.086670000000000025e+00
1.163574000000000069e+03,-1.062012000000000000e+02,-3.631591999999999842e+01,-6.622314000000000256e-01,-6.492919999999999803e-01,3.524169999999999803e-01
5.338745000000000118e+02,-4.949951000000000079e+01,5.493164000000000380e-01,-6.149902000000000424e-01,-1.424561000000000022e-01,8.405761999999999956e-01
-2.838134999999999764e+02,-1.367187000000000019e+01,-7.019041999999999781e+00,-6.379394999999999927e-01,-1.019286999999999971e-01,9.584960999999999620e-01
-1.118712999999999965e+03,6.878661999999999921e+01,4.150390000000000157e+01,-6.892089999999999606e-01,-9.366455000000000197e-01,8.112793000000000365e-01
-1.387390000000000100e+03,1.885986000000000118e+01,1.098021999999999991e+02,-7.666015999999999941e-01,-6.864014000000000504e-01,-2.830810999999999744e-01
-5.896606000000000449e+02,9.826660000000000394e+00,6.671142999999999290e+01,-6.411132999999999971e-01,5.849609000000000059e-01,7.250977000000000117e-02
4.415892999999999802e+02,4.180908000000000158e+01,1.403808000000000078e+01,-7.349854000000000109e-01,8.851318000000000241e-01,-1.019775000000000098e+00
1.252625000000000000e+03,-4.394530999999999743e+00,-6.402588000000000079e+01,-8.768310999999999744e-01,-2.719727000000000117e-01,-1.000853999999999910e+00
1.042480000000000018e+03,-8.459471999999999525e+01,-1.000976999999999961e+01,-7.221680000000000321e-01,-7.158202999999999649e-01,3.699951000000000212e-01
5.622558999999999969e+02,-4.638671000000000078e+01,2.227783000000000158e+01,-5.869140999999999941e-01,-4.284667999999999810e-02,6.577148000000000438e-01
-6.480711999999999762e+02,-3.601074000000000108e+00,-1.904297000000000040e+01,-6.490479000000000109e-01,-1.124267999999999934e-01,1.120238999999999985e+00
-1.273742999999999938e+03,7.647705000000000553e+01,2.679442999999999842e+01,-6.625976999999999562e-01,-1.078125000000000000e+00,5.845947000000000227e-01
-1.402587999999999965e+03,-1.208496000000000059e+01,8.947753000000000156e+01,-6.534423999999999788e-01,-2.001953000000000066e-02,-1.022948999999999942e-01
-3.745726999999999975e+02,2.984619000000000000e+01,5.456542000000000314e+01,-6.357422000000000351e-01,1.017090000000000050e+00,-6.319580000000000197e-01
9.750976000000000568e+02,2.716064000000000078e+01,-2.239989999999999881e+01,-8.057860999999999496e-01,3.211669999999999803e-01,-1.102050999999999892e+00
1.346740999999999985e+03,-4.278564000000000078e+01,-4.003905999999999921e+01,-8.204346000000000139e-01,-4.946288999999999825e-01,-5.426024999999999876e-01
1.084289999999999964e+03,-7.794189000000000078e+01,1.892090000000000050e+00,-7.036132999999999971e-01,-6.608886999999999956e-01,4.262695000000000234e-01
2.278442000000000007e+02,-4.724121000000000237e+01,1.519774999999999920e+01,-6.071777000000000424e-01,1.614990000000000037e-01,6.879882999999999971e-01
-6.979369000000000369e+02,-2.636719000000000079e+01,-3.662109000000000059e-01,-6.257323999999999664e-01,-2.322998000000000007e-01,8.923339999999999606e-01
-1.530640000000000100e+03,5.963134000000000157e+01,7.153319999999999368e+01,-7.375488000000000044e-01,-1.093871999999999955e+00,4.736328000000000205e-01
-1.333313000000000102e+03,1.354979999999999940e+01,5.908203000000000316e+01,-5.598144999999999927e-01,4.490967000000000153e-01,-1.171875000000000000e-02
2.424316000000000031e+02,2.838135000000000119e+01,1.745605000000000118e+01,-5.914306999999999759e-01,7.567139000000000504e-01,-1.149901999999999980e+00
1.389769999999999982e+03,-1.336669999999999980e+01,-1.641845999999999961e+01,-8.247069999999999679e-01,-4.841308999999999751e-01,-7.398681999999999759e-01
1.274840999999999894e+03,-6.713867000000000473e+01,-1.953125000000000000e+00,-8.499756000000000533e-01,-5.562743999999999467e-01,-5.437011999999999956e-01
6.078491000000000213e+02,-3.717040999999999684e+01,2.270507999999999882e+01,-5.465088000000000168e-01,1.119384999999999963e-01,7.906493999999999467e-01
-2.941283999999999992e+02,-3.192137999999999920e+01,1.281738000000000000e+01,-6.662597999999999576e-01,1.452637000000000025e-02,6.242676000000000336e-01
-1.347046000000000049e+03,3.430176000000000158e+01,2.423094999999999999e+01,-6.730956999999999635e-01,-6.564940999999999693e-01,1.207764000000000060e+00
-1.525328999999999951e+03,2.746582000000000079e+01,6.738281000000000631e+01,-6.428222999999999576e-01,-1.667480000000000073e-01,-5.541991999999999752e-02
-5.202025999999999613e+02,4.382323999999999842e+01,5.383299999999999841e+01,-5.194092000000000153e-01,7.623290999999999817e-01,-4.750977000000000117e-01
9.484862000000000535e+02,4.272460999999999842e+00,-1.080321999999999960e+01,-7.038573999999999664e-01,2.188721000000000139e-01,-1.159302000000000055e+00
1.444945999999999913e+03,-5.432127999999999624e+00,-2.825928000000000040e+01,-7.878418000000000365e-01,-5.853270999999999891e-01,-3.869628999999999985e-01
1.103516000000000076e+03,-6.164549999999999841e+01,7.263182999999999723e+00,-6.690673999999999788e-01,-7.156981999999999511e-01,4.036865000000000037e-01
4.871215000000000259e+02,-2.288817999999999842e+01,2.728271000000000157e+01,-6.328125000000000000e-01,-1.047363000000000044e-01,8.306885000000000518e-01
-5.237427000000000135e+02,-2.972411999999999921e+01,3.198242000000000118e+01,-6.562500000000000000e-01,-5.639647999999999883e-02,3.028564000000000256e-01
-1.465270999999999958e+03,4.522704999999999842e+01,4.541015000000000157e+01,-6.789551000000000336e-01,-9.559326000000000212e-01,1.374756000000000089e+00
-1.634887999999999920e+03,2.850341999999999842e+01,9.851072999999999524e+01,-6.928710999999999620e-01,-3.970947000000000227e-01,3.356934000000000307e-02
-1.890259000000000071e+02,3.961182000000000158e+01,7.403564000000000078e+01,-4.062500000000000000e-01,1.004150000000000098e+00,-5.887451000000000212e-01
9.411009999999999991e+02,2.929686999999999841e+01,-1.831055000000000099e+00,-6.939697000000000227e-01,7.304688000000000292e-01,-1.299193999999999960e+00
1.471557999999999993e+03,-5.169677000000000078e+01,-2.294922000000000040e+01,-8.803710999999999620e-01,-9.963378999999999985e-01,-5.041503999999999985e-01
1.165648999999999887e+03,-4.998778999999999684e+01,3.851317999999999842e+01,-5.786132999999999971e-01,-2.500000000000000000e-01,8.557128999999999985e-01
3.837280000000000086e+02,-5.615234000000000059e+00,1.898192999999999842e+01,-5.954589999999999606e-01,6.933593999999999868e-02,4.836425999999999781e-01
-8.380736000000000558e+02,-4.223631999999999920e+01,1.458740000000000059e+01,-5.838622999999999452e-01,7.775878999999999430e-02,4.177246000000000015e-01
-1.556824000000000069e+03,4.559326000000000079e+01,1.629638999999999882e+01,-6.257323999999999664e-01,-1.069214000000000109e+00,1.239989999999999926e+00
-1.325134000000000015e+03,3.857421999999999684e+01,8.532713999999999999e+01,-3.967284999999999839e-01,-1.370850000000000124e-01,-1.783446999999999949e-01
-7.122803000000000395e+01,4.064941000000000315e+01,6.207274999999999920e+01,-4.841308999999999751e-01,9.835205000000000197e-01,-9.244385000000000518e-01
1.167357999999999947e+03,-6.713866999999999585e+00,-4.382323999999999842e+01,-7.708739999999999482e-01,9.777832000000000190e-02,-1.248046999999999906e+00
1.212708000000000084e+03,-5.596923000000000314e+01,2.307129000000000119e+01,-8.411864999999999482e-01,-1.014647999999999994e+00,6.762695000000000511e-02
9.541625000000000227e+02,-8.850097999999999132e+00,3.332520000000000238e+01,-4.809570000000000234e-01,4.736328000000000066e-02,5.368652000000000424e-01
-1.898192999999999842e+01,-3.149414000000000158e+01,-7.324218000000000117e-01,-6.002197000000000227e-01,9.838866999999999752e-02,2.581786999999999832e-01
-8.864745000000000346e+02,-5.169677000000000078e+01,-1.727295000000000158e+01,-5.718993999999999467e-01,-7.128906000000000132e-02,3.410644999999999927e-01
-1.646912000000000035e+03,7.159423999999999921e+01,6.286621000000000237e+00,-6.831055000000000321e-01,-1.437866000000000088e+00,6.447753999999999985e-01
-1.169494999999999891e+03,4.595947000000000315e+01,8.166503000000000156e+01,-3.957519999999999927e-01,-2.681884999999999963e-01,-6.900635000000000518e-01
4.140625000000000000e+02,3.601074000000000108e+00,3.619384999999999764e+01,-6.049805000000000321e-01,9.548339999999999606e-01,-1.464232999999999896e+00
1.242125999999999976e+03,-4.174804000000000315e+01,-4.937744000000000000e+01,-7.384032999999999847e-01,-2.244873000000000007e-01,-7.753906000000000409e-01
1.111510999999999967e+03,-6.896972999999999843e+01,-1.281738000000000044e+00,-7.905273000000000438e-01,-9.979247999999999452e-01,2.064208999999999905e-01
6.858519999999999754e+02,6.103515999999999941e-01,7.934569999999999901e+00,-4.514159999999999839e-01,1.879882999999999901e-02,3.731689000000000256e-01
-3.186035000000000039e+01,-3.936768000000000001e+01,-2.441406000000000132e-01,-5.362548999999999788e-01,-1.593017999999999934e-01,1.057128999999999985e-01
-1.153442000000000007e+03,-1.867676000000000158e+01,-2.209471999999999881e+01,-6.125488000000000044e-01,-8.560790999999999817e-01,9.758301000000000336e-01
-1.638244999999999891e+03,4.431152000000000157e+01,6.774902000000000157e+01,-7.934569999999999679e-01,-9.483643000000000489e-01,-2.258301000000000058e-01
-9.665525999999999840e+02,-1.336669999999999980e+01,8.215331000000000472e+01,-4.812011999999999956e-01,1.760253999999999985e-01,-4.130859000000000059e-01
5.796508999999999787e+02,1.367187000000000019e+01,4.296875000000000000e+01,-4.849854000000000109e-01,8.571777000000000424e-01,-7.666015999999999941e-01
1.308837999999999965e+03,3.210448999999999842e+01,-3.082274999999999920e+01,-6.668701000000000212e-01,4.957274999999999876e-01,-1.158813000000000093e+00
1.289612000000000080e+03,-9.710692000000000235e+01,-2.130126999999999882e+01,-7.410889000000000504e-01,-1.083862000000000103e+00,4.052734000000000197e-02
1.057556000000000040e+03,3.479004000000000207e+00,3.857421999999999684e+01,-4.327392999999999934e-01,-5.126952999999999649e-01,1.267090000000000050e+00
-1.794434000000000040e+01,-1.568603000000000058e+01,2.709960999999999842e+01,-5.794677999999999773e-01,1.904296999999999934e-02,-5.651855000000000073e-02
-8.698730000000000473e+02,-6.097411999999999921e+01,1.074219000000000079e+01,-4.960937999999999737e-01,-4.000244000000000022e-01,9.335938000000000292e-01
-1.533385999999999967e+03,5.615234000000000236e+01,2.337646000000000157e+01,-6.970214999999999606e-01,-1.724121000000000015e+00,7.958984000000000059e-01
-9.758300000000000409e+02,-3.662109000000000059e-01,1.049805000000000064e+02,-4.362792999999999810e-01,-7.226562999999999737e-02,-6.163330000000000197e-01
2.006836000000000126e+02,-1.770019999999999882e+01,7.055664000000000158e+01,-4.503173999999999788e-01,8.160399999999999876e-01,-1.130859000000000059e+00
1.238463999999999942e+03,-3.509521000000000157e+01,-5.560302000000000078e+01,-6.528319999999999679e-01,8.649902000000000424e-01,-1.230712999999999946e+00
1.297546000000000049e+03,-1.405639999999999930e+02,-4.602049999999999841e+01,-6.853027000000000424e-01,-7.960205000000000197e-01,2.128906000000000132e-01
7.490843999999999596e+02,-4.699707000000000079e+00,1.538086000000000020e+01,-4.410399999999999876e-01,-1.278075999999999934e-01,8.773193000000000241e-01
-6.452635999999999967e+02,-5.236816000000000315e+01,1.623535000000000039e+01,-5.318604000000000109e-01,-3.911132999999999971e-01,1.918944999999999956e-01
-1.426513999999999896e+03,1.135253999999999941e+01,3.100585999999999842e+01,-6.320801000000000336e-01,-1.501953000000000094e+00,1.605590999999999990e+00
-1.298401000000000067e+03,-1.977539000000000158e+01,1.389159999999999968e+02,-4.952392999999999934e-01,-5.111084000000000183e-01,-7.104491999999999752e-02
-2.106932999999999936e+02,-1.477050999999999981e+01,9.130858000000000629e+01,-5.030518000000000489e-01,7.864989999999999482e-01,-2.070313000000000014e-01
9.367064000000000306e+02,2.178954999999999842e+01,-4.779052000000000078e+01,-7.106934000000000307e-01,1.142212000000000005e+00,-1.032348999999999961e+00
1.223510999999999967e+03,-7.904053000000000395e+01,-1.283568999999999960e+02,-6.804198999999999664e-01,-5.557860999999999496e-01,-4.689941000000000249e-01
9.455565000000000282e+02,-4.620360999999999763e+01,-9.765624000000000526e-01,-5.313721000000000139e-01,-7.774657999999999847e-01,1.186646000000000090e+00
1.593017000000000039e+01,-2.868652000000000157e+01,2.142333999999999961e+01,-4.854736000000000051e-01,-4.218750000000000000e-01,3.381348000000000131e-01
-9.241942000000000235e+02,-2.441405999999999921e+01,2.648926000000000158e+01,-5.604247999999999452e-01,-5.769043000000000365e-01,9.964600000000000124e-01
-1.400023999999999887e+03,6.024168999999999841e+01,1.245726999999999975e+02,-6.854247999999999452e-01,-1.300415000000000099e+00,6.242676000000000336e-01
-9.990232999999999493e+02,-1.257324000000000019e+01,1.396484000000000094e+02,-3.951415999999999817e-01,9.521484000000000197e-03,-1.483153999999999861e-01
3.132323999999999842e+02,6.152342999999999762e+01,5.078125000000000000e+01,-5.214843999999999591e-01,9.888915999999999817e-01,-5.520019999999999927e-01
9.992675000000000409e+02,4.504393999999999920e+01,-8.984373999999999683e+01,-6.555176000000000336e-01,7.634277000000000424e-01,-1.560912999999999995e+00
1.136413999999999987e+03,-1.110229000000000070e+02,-4.370116999999999763e+01,-6.953125000000000000e-01,-1.464110999999999940e+00,3.875732000000000066e-01
6.398926000000000158e+02,-4.516601999999999784e+00,3.289795000000000158e+01,-4.914550999999999781e-01,-4.270019999999999927e-01,6.413573999999999664e-01
-4.492187000000000126e+02,-2.691649999999999920e+01,3.143309999999999960e+01,-4.935302999999999773e-01,-4.582519999999999927e-01,2.916259999999999963e-01
-1.579711999999999989e+03,4.479979999999999762e+01,1.011962999999999937e+02,-7.534180000000000321e-01,-1.724976000000000065e+00,1.479613999999999985e+00
-1.324585000000000036e+03,-3.240966999999999842e+01,1.694945999999999913e+02,-4.941405999999999854e-01,-5.220947000000000227e-01,-1.417236000000000051e-01
7.116698999999999842e+01,-1.617432000000000158e+01,8.007813000000000159e+01,-4.194336000000000175e-01,1.093871999999999955e+00,1.104736000000000051e-01
8.766479000000000497e+02,3.771972999999999843e+01,-1.374512000000000000e+02,-6.208496000000000015e-01,1.410644999999999927e+00,-9.140625000000000000e-01
1.276366999999999962e+03,-1.162108999999999952e+02,-1.550903000000000134e+02,-6.086426000000000336e-01,-1.105834999999999901e+00,6.652832000000000190e-02
8.335570000000000164e+02,-2.557373000000000118e+01,1.373291000000000039e+01,-4.792480000000000073e-01,-1.034790000000000099e+00,1.434569999999999901e+00
4.113768999999999920e+01,-8.972167999999999921e+00,4.254149999999999920e+01,-5.975342000000000153e-01,-4.376221000000000139e-01,3.128661999999999832e-01
-1.041869999999999891e+03,1.110839999999999961e+01,3.753661999999999921e+01,-6.369628999999999985e-01,-6.699218999999999591e-01,1.613769999999999927e+00
-1.329528999999999996e+03,7.312012000000000000e+01,1.402588000000000079e+02,-6.689452999999999649e-01,-1.134765999999999941e+00,8.327636999999999956e-01
-7.247924000000000433e+02,-4.699707000000000079e+00,1.246948000000000008e+02,-4.903564000000000256e-01,4.995117000000000029e-01,6.201171999999999934e-02
5.667725000000000364e+02,7.232666000000000395e+01,8.361815999999999249e+00,-5.611572000000000227e-01,1.311401000000000039e+00,-7.061768000000000489e-01
1.231750000000000000e+03,-1.599121000000000059e+01,-1.602172999999999945e+02,-5.972899999999999876e-01,5.153809000000000307e-01,-1.487060999999999966e+00
1.344604000000000042e+03,-1.218262000000000000e+02,-6.713866999999999585e+00,-6.414794999999999803e-01,-1.088378999999999985e+00,1.790893999999999986e+00
7.423704999999999927e+02,6.164550000000000196e+00,7.873535000000000394e+00,-5.258789000000000380e-01,-7.189940999999999693e-02,9.814452999999999649e-01
-7.796630000000000109e+02,-2.838135000000000119e+01,2.374267000000000039e+01,-6.518555000000000321e-01,-5.947265999999999941e-01,4.516602000000000117e-01
-1.581115999999999985e+03,2.056885000000000119e+01,5.725097000000000236e+01,-7.120360999999999496e-01,-1.554076999999999931e+00,1.686279000000000083e+00
-1.336913999999999987e+03,-4.858397999999999683e+01,1.774901999999999873e+02,-4.461669999999999803e-01,-6.491698999999999664e-01,1.533202999999999927e-01
1.540526999999999873e+02,-1.916504000000000119e+01,1.013182999999999936e+02,-4.149169999999999803e-01,1.124756000000000089e+00,2.877197000000000227e-01
9.418333999999999833e+02,5.029296000000000078e+01,-4.315185000000000315e+01,-7.005614999999999482e-01,1.767090000000000050e+00,-6.564940999999999693e-01
1.390319999999999936e+03,-1.490478999999999985e+02,-1.505737000000000023e+02,-5.870360999999999496e-01,-9.188231999999999511e-01,-2.709960999999999967e-02
1.226624000000000024e+03,-7.659911999999999921e+01,-1.525878999999999985e+00,-5.572510000000000518e-01,-6.524657999999999847e-01,2.256225999999999843e+00
2.546997000000000071e+02,-1.190184999999999960e+01,6.042480000000000295e+00,-5.782471000000000139e-01,-4.025878999999999985e-01,4.400634999999999963e-01
-5.744628999999999905e+02,-2.728271000000000157e+01,4.772948999999999842e+01,-6.019286999999999832e-01,-6.384276999999999314e-02,9.119872999999999452e-01
-1.270325000000000045e+03,5.932616999999999763e+01,3.668213000000000079e+01,-6.771239999999999482e-01,-6.206055000000000321e-01,1.762084999999999901e+00
-1.163208000000000084e+03,5.627441000000000315e+01,1.232300000000000040e+02,-6.495360999999999496e-01,-2.962645999999999891e-01,-4.882812999999999737e-02
-3.183593999999999937e+02,6.127929000000000315e+01,9.222410999999999603e+01,-4.913330000000000197e-01,5.269774999999999876e-01,-4.613036999999999832e-01
8.407591999999999643e+02,2.539061999999999841e+01,-4.144286999999999921e+01,-6.741943000000000241e-01,7.000731999999999511e-01,-1.764647999999999994e+00
1.128234999999999900e+03,-1.123046999999999969e+02,-5.908203000000000316e+01,-7.006835999999999620e-01,-9.012451000000000212e-01,-7.684326000000000212e-01
9.615478000000000520e+02,-4.669189000000000078e+01,5.352783000000000158e+01,-4.490967000000000153e-01,-3.710937999999999737e-02,1.358643000000000045e+00
1.000366000000000071e+02,-3.289795000000000158e+01,-1.770019000000000009e+00,-6.048584000000000183e-01,-2.663574000000000219e-01,2.531738000000000044e-01
-1.314452999999999975e+03,2.258300999999999892e+00,1.593017000000000039e+01,-6.737060999999999744e-01,-1.468871999999999955e+00,1.624022999999999994e+00
-1.397704999999999927e+03,-2.655029000000000039e+01,1.533203000000000031e+02,-6.889648000000000438e-01,-6.678467000000000153e-01,2.181395999999999891e-01
-5.899048000000000229e+02,-3.533935999999999922e+01,1.089476999999999975e+02,-5.828856999999999511e-01,3.316649999999999876e-01,3.223876999999999993e-01
7.605589999999999691e+02,6.262207000000000079e+01,1.885986000000000118e+01,-6.809081999999999635e-01,1.090575999999999990e+00,-3.540038999999999825e-01
1.336670000000000073e+03,-1.525878999999999985e+00,-1.338500999999999976e+02,-7.093506000000000533e-01,3.118895999999999891e-01,-1.203613000000000044e+00
1.149840999999999894e+03,-1.094971000000000032e+02,-1.397705000000000020e+01,-5.640868999999999467e-01,-1.110106999999999955e+00,1.344970999999999917e+00
2.274170000000000016e+02,-5.065916999999999781e+00,2.880858999999999881e+01,-5.645752000000000548e-01,-2.071533000000000124e-01,7.446289000000000380e-01
-6.373291000000000395e+02,-1.934814000000000078e+01,3.039551000000000158e+01,-5.816649999999999876e-01,-1.721190999999999971e-01,4.857177999999999773e-01
-1.350646999999999935e+03,7.135009999999999764e+01,5.908203000000000316e+01,-7.374268000000000489e-01,-1.241089000000000109e+00,1.633056999999999981e+00
-1.004822000000000003e+03,6.121826000000000079e+01,1.281127999999999929e+02,-6.256104000000000109e-01,-1.361083999999999905e-01,-1.112061000000000022e-01
3.419798999999999864e+02,4.791259000000000157e+01,1.080321999999999960e+01,-5.992431999999999759e-01,1.113159000000000010e+00,-1.467651000000000039e+00
1.065185999999999922e+03,-8.319091000000000236e+01,-1.083374000000000024e+02,-6.967773000000000438e-01,-1.994628999999999985e-01,-1.476074000000000108e+00
1.159729000000000042e+03,-7.330321999999999605e+01,3.808594000000000079e+01,-7.244872999999999452e-01,-4.364013999999999949e-01,1.804810000000000025e+00
4.806517999999999802e+02,-2.807617000000000029e+00,1.165770999999999979e+01,-4.602050999999999781e-01,-8.105468999999999868e-02,9.094238000000000322e-02
-3.623045999999999935e+02,-4.272460000000000235e+01,2.197265000000000157e+01,-5.411377000000000548e-01,8.166503999999999430e-02,2.481688999999999978e-01
-1.360596000000000004e+03,4.553222000000000236e+01,-1.495360999999999940e+01,-6.102294999999999803e-01,-7.550048999999999788e-01,1.429443000000000019e+00
-1.556884999999999991e+03,8.361814999999999998e+01,8.966062999999999761e+01,-8.059081999999999635e-01,-1.197020999999999891e+00,2.629394999999999927e-01
-6.155395999999999503e+02,3.613280999999999921e+01,1.233520000000000039e+02,-5.078125000000000000e-01,2.513427999999999773e-01,-5.267334000000000183e-01
4.879759999999999991e+02,3.430176000000000158e+01,6.939696999999999605e+01,-6.813964999999999606e-01,1.155640000000000001e+00,-1.312011999999999956e+00
1.203673999999999978e+03,-6.323241999999999763e+01,-8.917234999999999445e+01,-6.766356999999999511e-01,3.856201000000000212e-01,-1.397461000000000064e+00
1.149596999999999980e+03,-1.290283000000000015e+02,2.252196999999999960e+01,-5.600585999999999620e-01,-3.897705000000000197e-01,1.371947999999999945e+00
7.954101000000000568e+02,-1.312256000000000000e+01,5.920410000000000394e+00,-5.050048999999999788e-01,2.619628999999999985e-01,9.610596000000000139e-01
-4.425047999999999888e+02,-4.852293999999999841e+01,1.464844000000000035e+00,-5.028076000000000212e-01,-1.468505999999999978e-01,1.937255999999999978e-01
-1.277344000000000051e+03,3.295898000000000216e+00,-2.551268999999999920e+01,-6.395264000000000504e-01,-7.921143000000000489e-01,1.349487000000000103e+00
-1.187682999999999993e+03,7.751465000000000316e+01,7.568358999999999526e+01,-6.484375000000000000e-01,-9.056395999999999891e-01,1.318359000000000024e-02
-2.937011999999999716e+02,7.031250000000000000e+01,9.216307999999999367e+01,-4.760742000000000029e-01,3.472899999999999876e-01,-1.108031999999999906e+00
9.403075000000000045e+02,2.172850999999999999e+01,-2.850341999999999842e+01,-6.300048999999999788e-01,3.569336000000000175e-01,-1.731444999999999901e+00
1.114624000000000024e+03,-1.400757000000000119e+02,1.434326000000000079e+01,-6.040039000000000380e-01,-1.140136999999999956e+00,5.308838000000000168e-01
8.556517999999999802e+02,2.441406000000000132e-01,4.785155999999999921e+01,-4.345703000000000205e-01,2.941894999999999927e-02,1.308959999999999901e+00
-2.304687000000000126e+02,-2.966308000000000078e+01,1.812744000000000000e+01,-5.125731999999999511e-01,-2.908935999999999744e-01,2.459716999999999876e-01
-1.020995999999999981e+03,6.530761000000000038e+00,2.886963000000000079e+01,-6.201172000000000351e-01,-7.009277000000000424e-01,1.376465000000000050e+00
-1.217406999999999925e+03,3.741454999999999842e+01,1.052856000000000023e+02,-7.785644999999999927e-01,-6.602782999999999847e-01,2.944336000000000175e-01
-5.812988000000000284e+02,2.429198999999999842e+01,8.508299999999999841e+01,-5.432128999999999985e-01,6.347656000000000132e-03,-8.471679999999999489e-02
2.759399000000000228e+02,5.560302000000000078e+01,5.120848999999999762e+01,-5.554198999999999664e-01,5.062256000000000533e-01,-7.059326000000000212e-01
1.052184999999999945e+03,2.056885000000000119e+01,-8.221434999999999604e+01,-6.538085999999999620e-01,2.156982000000000066e-01,-1.232056000000000040e+00
1.158325000000000045e+03,-1.186522999999999968e+02,-6.274414000000000158e+01,-6.824951000000000212e-01,-1.162719999999999976e+00,-2.856445000000000234e-01
9.534301000000000386e+02,-1.446532999999999980e+01,3.887939000000000078e+01,-4.854736000000000051e-01,-3.349609000000000059e-01,1.175659000000000010e+00
1.716307999999999936e+02,-3.234863000000000000e+01,2.850341999999999842e+01,-5.227051000000000336e-01,-7.214355000000000073e-02,6.127930000000000182e-02
-1.005432000000000016e+03,-1.940917999999999921e+01,-5.310057999999999723e+00,-5.349121000000000015e-01,-1.558837999999999890e-01,1.392943999999999960e+00
-1.337828999999999951e+03,8.721922999999999604e+01,6.072997999999999763e+01,-6.791992000000000029e-01,-1.160155999999999965e+00,6.142577999999999649e-01
-9.249877000000000180e+02,6.335448999999999842e+01,9.204100999999999999e+01,-4.945068000000000241e-01,-3.395996000000000015e-01,-3.701171999999999795e-01
3.842773000000000252e+02,5.334472000000000236e+01,5.566405999999999921e+01,-4.667969000000000146e-01,5.523681999999999759e-01,-1.261230000000000073e+00
1.016539999999999964e+03,-1.898192999999999842e+01,-5.548094999999999999e+01,-6.503906000000000409e-01,3.040770999999999891e-01,-1.874878000000000045e+00
1.020019000000000005e+03,-1.225585999999999984e+02,4.022216000000000236e+01,-5.579834000000000183e-01,-8.033447000000000227e-01,1.278319999999999901e+00
7.576902999999999793e+02,7.934569999999999901e+00,3.350829999999999842e+01,-4.777832000000000190e-01,3.099365000000000037e-01,9.073485999999999496e-01
-3.781127000000000180e+02,-5.328369000000000000e+01,-1.220703000000000066e-01,-4.016113000000000044e-01,-2.501221000000000139e-01,6.811522999999999883e-02
-1.364196999999999889e+03,4.559326000000000079e+01,7.263182999999999723e+00,-6.876221000000000139e-01,-1.431518999999999986e+00,1.391234999999999999e+00
-1.346923999999999978e+03,4.852293999999999841e+01,9.985350999999999999e+01,-6.584472999999999576e-01,-9.284668000000000365e-01,-1.196288999999999964e-01
-3.007201999999999771e+02,-1.220703000000000066e-01,1.173096000000000032e+02,-4.223632999999999971e-01,2.967528999999999861e-01,-8.304443000000000241e-01
5.407104000000000497e+02,6.164550000000000196e+00,5.560302000000000078e+01,-5.883789000000000380e-01,1.086913999999999936e+00,-1.019530999999999965e+00
9.864501000000000204e+02,-6.524657999999999447e+01,-1.160888999999999953e+02,-5.372314000000000256e-01,2.680663999999999825e-01,-1.230712999999999946e+00
9.092405999999999722e+02,-1.530150999999999897e+02,-4.400634000000000157e+01,-5.388184000000000307e-01,-1.010010000000000074e+00,4.887695000000000234e-01
9.954833000000000709e+01,-3.179930999999999841e+01,6.958007000000000275e+00,-3.498534999999999839e-01,-6.717528999999999861e-01,1.021484000000000059e+00
-8.644407999999999674e+02,1.690673999999999921e+01,4.846191000000000315e+01,-6.680907999999999847e-01,-8.837890999999999941e-01,7.661132999999999971e-01
-9.869994000000000369e+02,2.593994000000000000e+01,6.695556999999999448e+01,-6.419677999999999773e-01,-6.315918000000000365e-01,3.662109000000000197e-02
-4.086302999999999770e+02,2.178954999999999842e+01,6.091308000000000078e+01,-5.172118999999999467e-01,-2.006835999999999898e-01,-3.825683999999999751e-01
2.796630999999999858e+02,4.968260999999999683e+01,4.382323999999999842e+01,-6.129149999999999876e-01,1.016846000000000000e-01,-7.026367000000000029e-01
6.924438000000000102e+02,3.491210999999999842e+01,-2.856445000000000078e+01,-6.617431999999999759e-01,-1.043700999999999934e-01,-1.478637999999999897e+00
4.957275000000000205e+02,-9.173583000000000709e+01,-2.783202999999999960e+01,-5.587157999999999847e-01,-1.170409999999999950e+00,-1.591797000000000073e-01
2.358397999999999968e+02,-5.902098999999999762e+01,3.973389000000000237e+01,-5.615234000000000059e-01,-6.600342000000000153e-01,5.814209000000000183e-01
1.091307999999999936e+02,3.906250000000000000e+00,-6.713867000000000029e-01,-5.418701000000000212e-01,-9.167480000000000073e-02,6.883544999999999803e-01
1.837158000000000015e+02,5.242918999999999841e+01,-5.139159999999999684e+01,-5.147705000000000197e-01,-7.528076000000000212e-01,4.835205000000000197e-01
8.880613999999999919e+01,6.726073999999999842e+01,-6.347655999999999743e+00,-4.882812999999999737e-01,-1.300537000000000054e+00,3.808593999999999868e-02
-4.058836999999999762e+01,5.279540999999999684e+01,-2.685547000000000128e+00,-5.974121000000000015e-01,-9.312743999999999467e-01,-1.135253999999999951e-02
-4.272460000000000147e-01,2.099608999999999881e+01,1.403807999999999945e+00,-6.163330000000000197e-01,-9.425048999999999788e-01,-6.164551000000000058e-02
-6.512451000000000079e+01,1.849364999999999881e+01,6.042480000000000295e+00,-6.396484000000000059e-01,-9.388427999999999773e-01,-2.661132999999999971e-01
-2.053832999999999913e+02,1.092529000000000039e+01,2.441406000000000187e+00,-5.942382999999999971e-01,-5.718993999999999467e-01,-3.048096000000000139e-01
-2.625122000000000071e+02,9.216309000000000751e+00,4.516601999999999784e+00,-4.598388999999999949e-01,-2.714844000000000146e-01,-2.658691000000000249e-01
-1.524658000000000015e+02,-8.142088999999999999e+01,-1.005249000000000024e+02,-7.264403999999999861e-01,-1.581177000000000055e+00,9.284668000000000365e-01
-2.579956000000000245e+02,5.621336999999999762e+01,4.425048000000000314e+01,-5.001221000000000139e-01,-4.882812999999999737e-01,-2.145996000000000015e-01
-6.372069999999999936e+02,7.690428999999999959e+00,2.038573999999999842e+01,-7.919922000000000351e-01,-4.088134999999999963e-01,-9.648438000000000292e-01
-1.075989000000000033e+03,-6.292723999999999762e+01,1.922606999999999999e+01,-7.536621000000000015e-01,-5.532226999999999562e-01,-9.420165999999999817e-01
-8.906858999999999469e+02,-5.743408000000000158e+01,8.544920999999999767e-01,-5.494385000000000518e-01,1.080321999999999949e-01,-6.199951000000000212e-01
-2.935181000000000040e+02,-4.895018999999999920e+01,1.367187000000000019e+01,-5.924072000000000227e-01,6.665039000000000380e-01,-4.396973000000000131e-01
6.290282999999999447e+02,-2.856445000000000078e+01,5.493164000000000158e+00,-6.790770999999999891e-01,8.894043000000000365e-01,-1.779785000000000117e-01
1.093750000000000000e+03,6.713866999999999585e+00,-2.001952999999999960e+01,-6.616210999999999620e-01,5.003661999999999832e-01,-1.881104000000000109e-01
1.318480999999999995e+03,-1.788329999999999842e+01,-1.200561000000000007e+02,-6.384277000000000424e-01,4.094238000000000044e-01,-9.350585999999999620e-01
1.036682000000000016e+03,-1.481933999999999969e+02,-9.747312999999999761e+01,-4.724121000000000015e-01,-1.042847000000000079e+00,1.148803999999999936e+00
-1.579590000000000032e+02,-1.739501999999999882e+01,1.635742000000000118e+01,-6.311035000000000394e-01,-7.358398000000000438e-01,1.112305000000000099e+00
-1.189269999999999982e+03,2.044677000000000078e+01,9.417723999999999762e+01,-7.109375000000000000e-01,-1.444824000000000108e+00,1.439208999999999905e-01
-1.349853000000000065e+03,-8.087157000000000551e+01,1.278686000000000007e+02,-6.007080000000000197e-01,-5.277100000000000124e-01,-3.409423999999999788e-01
-3.894653000000000134e+02,-4.583740000000000236e+01,4.278564000000000078e+01,-5.141601999999999562e-01,6.180419999999999803e-01,-7.739258000000000248e-02
5.636597000000000435e+02,1.275634999999999941e+01,1.330565999999999960e+01,-6.975097999999999576e-01,8.369140999999999941e-01,-5.230713000000000168e-01
1.098327999999999975e+03,-1.269530999999999921e+01,-7.470703000000000316e+01,-7.928467000000000153e-01,2.768554999999999766e-01,-7.623290999999999817e-01
1.070190000000000055e+03,-1.120605000000000047e+02,-6.573485999999999763e+01,-5.860596000000000139e-01,-6.164551000000000336e-01,3.242187999999999737e-01
4.786986999999999739e+02,-7.000732000000000710e+01,-1.239014000000000060e+01,-5.950927999999999773e-01,-1.484375000000000000e-01,9.813231999999999511e-01
-6.898192000000000235e+02,2.502440999999999960e+01,-1.000976999999999961e+01,-6.195068000000000241e-01,-8.212890999999999941e-01,9.233398000000000438e-01
-1.197326999999999998e+03,4.437254999999999683e+01,5.706786999999999921e+01,-7.075194999999999679e-01,-1.312011999999999956e+00,-6.384276999999999314e-02
-1.103087999999999965e+03,-5.249022999999999683e+01,8.874510999999999683e+01,-7.170410000000000394e-01,-5.163573999999999942e-02,-4.666748000000000007e-01
-3.788451999999999771e+02,-2.795410000000000039e+01,4.669189000000000078e+01,-5.842285000000000394e-01,6.890868999999999467e-01,-2.703857000000000066e-01
7.659910999999999603e+02,2.380370999999999881e+01,-1.263428000000000040e+01,-7.717285000000000394e-01,7.746581999999999635e-01,-5.788573999999999664e-01
1.153869999999999891e+03,-2.185058000000000078e+01,-9.271238999999999919e+01,-7.462157999999999847e-01,-2.661132999999999971e-01,-6.524657999999999847e-01
1.050842000000000098e+03,-8.813475999999999999e+01,-3.338622999999999763e+01,-6.246338000000000168e-01,-9.486084000000000183e-01,2.501221000000000139e-01
4.572753000000000156e+02,-4.797363000000000000e+01,-2.929686999999999930e+00,-5.595702999999999649e-01,1.086426000000000058e-02,5.474854000000000109e-01
-4.423217000000000212e+02,-1.306151999999999980e+01,-1.763916000000000039e+01,-6.132813000000000292e-01,-3.709717000000000153e-01,9.973144999999999927e-01
-1.321777000000000044e+03,4.510497999999999763e+01,6.048584000000000316e+01,-7.196044999999999803e-01,-1.390625000000000000e+00,1.159667999999999949e-01
-1.454894999999999982e+03,-4.058836999999999762e+01,1.023559000000000054e+02,-7.768555000000000321e-01,-4.951171999999999795e-01,-4.068604000000000109e-01
-7.692870000000000346e+02,-2.679442999999999842e+01,4.699707000000000079e+01,-6.353760000000000518e-01,5.065918000000000365e-01,-1.245117000000000029e-01
6.182861000000000331e+02,1.336669999999999980e+01,2.252196999999999960e+01,-7.447510000000000518e-01,1.120727999999999946e+00,-2.689209000000000183e-01
1.235352000000000089e+03,3.308104999999999762e+01,-4.028320000000000078e+01,-7.800293000000000365e-01,5.106201000000000212e-01,-4.975586000000000175e-01
1.329346000000000004e+03,-6.732178000000000395e+01,-7.958983999999999526e+01,-7.187500000000000000e-01,-6.732177999999999773e-01,-6.204834000000000183e-01
9.052732999999999493e+02,-9.460447999999999524e+01,-3.112792999999999921e+00,-5.751952999999999649e-01,-3.771973000000000131e-01,7.430419999999999803e-01
-3.225708000000000197e+02,-3.491210999999999842e+01,-1.116943000000000019e+01,-5.882568000000000241e-01,-3.944092000000000153e-01,9.759520999999999891e-01
-1.178039999999999964e+03,3.100585999999999842e+01,2.423094999999999999e+01,-6.870117000000000029e-01,-1.446045000000000025e+00,4.285888999999999949e-01
-1.468993999999999915e+03,-3.778076000000000079e+01,1.054077000000000055e+02,-7.419434000000000307e-01,-6.107177999999999773e-01,-2.285156000000000132e-01
-5.102538999999999874e+02,-1.702881000000000000e+01,6.634520999999999447e+01,-5.825194999999999679e-01,5.727539000000000380e-01,-8.288573999999999942e-02
6.461790999999999485e+02,1.892089999999999961e+01,4.614256999999999920e+01,-6.208496000000000015e-01,1.012817000000000078e+00,-5.091552999999999773e-01
1.310486000000000104e+03,6.652832000000000079e+00,-7.061767999999999290e+01,-7.376709000000000183e-01,4.954834000000000183e-01,-8.381347999999999576e-01
1.254700000000000045e+03,-1.075438999999999936e+02,-6.793213000000000079e+01,-6.735839999999999606e-01,-8.249511999999999956e-01,-2.749022999999999883e-01
3.311157000000000039e+02,-4.272460000000000235e+01,-4.638671999999999684e+00,-5.394286999999999832e-01,5.737304999999999836e-03,1.122314000000000034e+00
-6.441648999999999887e+02,1.123047000000000040e+01,-1.440429999999999922e+01,-6.308593999999999591e-01,-7.414551000000000336e-01,6.824951000000000212e-01
-1.333191000000000031e+03,1.800536999999999921e+01,3.033446999999999960e+01,-6.843261999999999956e-01,-1.028197999999999945e+00,-6.689452999999999372e-02
-9.286498000000000275e+02,1.281738000000000044e+00,6.182860999999999763e+01,-5.665282999999999847e-01,-2.111816000000000040e-02,-1.531982000000000066e-01
5.981445000000000078e+01,4.132079999999999842e+01,6.219481999999999999e+01,-4.599609000000000059e-01,6.674805000000000321e-01,-5.390625000000000000e-01
1.290953999999999951e+03,6.695556999999999448e+01,-3.570557000000000158e+01,-6.881104000000000109e-01,3.085937999999999737e-01,-1.059814000000000034e+00
1.405089999999999918e+03,-4.901122999999999763e+01,-8.984373999999999683e+01,-6.774902000000000424e-01,-1.046386999999999956e+00,-7.597656000000000409e-01
3.250731999999999857e+02,-6.353759000000000157e+01,1.763916000000000039e+01,-5.026855000000000073e-01,-7.170410000000000394e-01,8.747559000000000307e-01
-9.995116000000000440e+02,6.958007000000000275e+00,3.198242000000000118e+01,-5.700684000000000307e-01,-1.136962999999999946e+00,8.673096000000000139e-01
-1.409363000000000056e+03,-2.777099000000000117e+01,7.855225000000000080e+01,-6.057128999999999985e-01,-1.252318999999999960e+00,-2.829590000000000161e-01
-8.859252000000000180e+02,-5.767822000000000315e+01,6.140135999999999683e+01,-4.810790999999999817e-01,3.479004000000000124e-02,-7.617187999999999737e-02
2.427367999999999881e+02,-1.055907999999999980e+01,5.670165999999999684e+01,-5.153809000000000307e-01,8.251952999999999649e-01,-2.415770999999999891e-01
1.221375000000000000e+03,3.045654000000000039e+01,-4.376219999999999999e+01,-6.927489999999999482e-01,6.138915999999999817e-01,-6.250000000000000000e-01
1.239807000000000016e+03,-6.829833999999999605e+01,-9.326170999999999367e+01,-6.042480000000000073e-01,-9.910889000000000504e-01,-1.750488000000000044e-01
3.736571999999999889e+02,-9.033201999999999998e+01,4.333496000000000237e+00,-5.572510000000000518e-01,-9.268798999999999788e-01,9.898681999999999759e-01
-7.730102000000000544e+02,-2.728271000000000157e+01,4.101561999999999841e+01,-5.753173999999999788e-01,-1.111328000000000094e+00,9.105225000000000124e-01
-1.215087999999999965e+03,-2.929686999999999841e+01,7.525634999999999764e+01,-6.206055000000000321e-01,-1.514404000000000083e+00,1.584473000000000131e-01
-9.827269999999999754e+02,-7.891845999999999606e+01,9.838866000000000156e+01,-5.391846000000000139e-01,-3.586425999999999781e-01,-3.438721000000000139e-01
-7.116698999999999842e+01,-5.859375000000000000e+01,9.222410999999999603e+01,-4.721679999999999766e-01,5.975342000000000153e-01,-1.143799000000000066e-01
1.054932000000000016e+03,3.192137999999999920e+01,2.117920000000000158e+01,-7.374268000000000489e-01,9.420165999999999817e-01,-4.157715000000000161e-01
1.161742999999999938e+03,-8.764646999999999366e+01,-1.192626999999999953e+02,-5.532226999999999562e-01,-2.431640999999999941e-01,-1.021851000000000065e+00
