1.928710999999999842e+01,-1.355591000000000008e+02,-3.991698999999999842e+01,1.147460999999999967e-02,-4.272461000000000314e-02,-3.337524000000000157e+00
2.520751999999999882e+01,-2.938842999999999961e+02,6.347655999999999743e+00,3.427734000000000059e-01,-3.688965000000000161e-01,-2.353026999999999980e+00
4.016113000000000000e+01,-4.741209999999999809e+02,1.568603000000000058e+01,1.157470999999999917e+00,1.461182000000000036e-01,1.468140000000000001e+00
1.800536999999999921e+01,-2.841186999999999898e+02,4.211426000000000336e+00,-7.934570000000000164e-03,-2.120361000000000051e-01,3.999512000000000178e+00
-3.198242000000000118e+01,2.919311999999999898e+02,-4.278564000000000078e+01,-6.407471000000000139e-01,-5.252685999999999744e-01,3.531737999999999822e+00
4.272460000000000147e-01,2.182616999999999905e+02,3.814697000000000315e+01,-5.736084000000000183e-01,-1.044921999999999906e+00,1.461182000000000036e-01
3.265381000000000000e+01,1.856689000000000078e+02,8.050535999999999603e+01,-2.088623000000000007e-01,2.156982000000000066e-01,3.016357000000000066e-01
4.272460000000000147e-01,1.700439000000000078e+02,1.239014000000000060e+01,9.167480000000000073e-02,7.646484000000000059e-01,-1.262084999999999901e+00
-7.324218000000000117e-01,6.823730000000000473e+01,-1.672363000000000000e+01,-5.700684000000000307e-02,5.371093999999999591e-01,-2.840453999999999812e+00
7.934569999999999901e+00,-1.591796999999999969e+02,-1.055907999999999980e+01,-8.996582000000000190e-02,-1.735839999999999883e-01,-2.942749000000000059e+00
2.392577999999999960e+01,-2.742919999999999732e+02,1.440429999999999922e+01,1.713867000000000029e-01,1.340331999999999912e-01,-1.154662999999999995e+00
-3.582764000000000237e+01,-3.115844999999999914e+02,-3.625488000000000000e+01,1.477051000000000058e-01,1.013183999999999960e-02,3.269652999999999921e+00
-4.382323999999999842e+01,5.139159999999999684e+01,-2.435302000000000078e+01,-1.233276000000000039e+00,-7.308350000000000124e-01,3.999512000000000178e+00
-1.898192999999999842e+01,2.381591999999999985e+02,-1.013183000000000078e+01,-7.917480000000000073e-01,-8.532714999999999606e-01,2.309692000000000078e+00
1.715088000000000079e+01,1.809081999999999937e+02,6.005859000000000236e+01,-5.178222999999999576e-01,-4.281005999999999978e-01,2.795409999999999839e-01
1.403808000000000078e+01,1.657103999999999928e+02,5.474853000000000236e+01,-1.768799000000000066e-01,4.388427999999999773e-01,-1.531982000000000066e-01
1.702881000000000000e+01,1.040039000000000016e+02,1.519774999999999920e+01,-1.379394999999999927e-01,3.457030999999999854e-01,-1.464110999999999940e+00
1.940917999999999921e+01,5.493164000000000158e+00,5.737303999999999959e+00,-2.889403999999999861e-01,3.916015999999999941e-01,-2.239990000000000148e+00
2.398680999999999841e+01,-1.428832999999999913e+02,-4.272460999999999842e+00,-2.523193000000000241e-01,8.435059000000000307e-02,-2.161376999999999882e+00
1.281738000000000000e+01,-2.418822999999999865e+02,6.591796000000000433e+00,2.038573999999999942e-02,2.930907999999999847e-01,-8.155518000000000489e-01
-7.531738000000000000e+01,-3.214110999999999763e+02,-2.441405999999999921e+01,2.409668000000000088e-01,2.189940999999999971e-01,1.760620000000000074e+00
1.525878999999999985e+00,-7.763671999999999684e+01,-2.929686999999999841e+01,-8.854980000000000073e-01,-7.388915999999999817e-01,3.999512000000000178e+00
-1.666260000000000119e+01,2.586059999999999945e+02,-2.105713000000000079e+01,-7.554931999999999759e-01,-7.479247999999999452e-01,3.507934999999999803e+00
-6.774901999999999980e+00,1.901245000000000118e+02,4.681396000000000157e+01,-5.224609000000000059e-01,-7.199706999999999635e-01,2.307129000000000124e-02
3.723144000000000009e+00,1.672973000000000070e+02,6.292723999999999762e+01,-1.162109000000000059e-01,4.490967000000000153e-01,3.833008000000000248e-02
9.704589999999999606e+00,1.474609000000000094e+02,1.739501999999999882e+01,-2.612304999999999836e-02,5.372314000000000256e-01,-1.169677999999999995e+00
2.160643999999999920e+01,1.379393999999999920e+01,-1.220702999999999960e+01,-2.219238000000000044e-01,4.864501999999999993e-01,-2.630249000000000059e+00
1.098633000000000060e+01,-1.239624000000000024e+02,-1.776123000000000118e+01,-1.975098000000000131e-01,5.810546999999999934e-02,-2.725464000000000109e+00
3.491210999999999842e+01,-2.826537999999999897e+02,2.008055999999999841e+01,2.175293000000000088e-01,-1.757813000000000084e-02,-1.335571000000000064e+00
-5.120848999999999762e+01,-3.899535999999999945e+02,2.319335999999999842e+00,7.585448999999999664e-01,7.128906000000000132e-02,1.772461000000000064e+00
-1.281738000000000000e+01,-5.493164000000000158e+01,1.281738000000000044e+00,-8.514403999999999861e-01,-1.682128999999999985e-01,3.999512000000000178e+00
-6.286621000000000237e+01,3.032837000000000103e+02,-3.442383000000000237e+01,-3.409423999999999788e-01,-8.193359000000000059e-01,2.387938999999999812e+00
-2.294922000000000040e+01,2.628174000000000206e+02,4.675292000000000314e+01,-2.629394999999999927e-01,-7.410889000000000504e-01,1.380615000000000037e-01
-8.056641000000000830e+00,1.976929000000000087e+02,5.328369000000000000e+01,1.040038999999999964e-01,7.381592000000000153e-01,-9.127197000000000227e-01
-3.601074000000000108e+00,1.249389999999999930e+02,9.155271999999999855e-01,9.082031000000000132e-02,1.040770999999999891e+00,-2.270995999999999793e+00
5.676268999999999565e+00,-7.690430000000000632e+01,-3.704834000000000316e+01,-1.593017999999999934e-01,2.500000000000000000e-01,-3.122803000000000218e+00
-1.440429999999999922e+01,-2.277221000000000117e+02,-8.178710999999999842e+00,-3.161620999999999876e-02,-5.957031000000000132e-02,-2.296875000000000000e+00
-1.201782000000000039e+02,-3.975830000000000268e+02,-3.643798999999999921e+01,6.528319999999999679e-01,-3.679199000000000219e-01,1.101074000000000108e+00
4.675292000000000314e+01,-9.161375999999999920e+01,-1.434326000000000079e+01,-6.905518000000000489e-01,-1.005371000000000015e+00,3.999512000000000178e+00
-2.313231999999999999e+01,2.851562999999999874e+02,-2.001952999999999960e+01,-5.570068000000000241e-01,-8.581543000000000365e-01,3.675049000000000010e+00
2.520751999999999882e+01,2.587280000000000086e+02,4.003905999999999921e+01,-3.264159999999999839e-01,-8.571777000000000424e-01,5.566406000000000132e-02
5.310058000000000078e+01,1.978760000000000048e+02,7.037354000000000553e+01,-1.458740000000000037e-01,8.618164000000000380e-02,-4.365234000000000059e-01
2.014160000000000039e+01,1.387939000000000078e+02,1.831054999999999922e+01,-3.210448999999999942e-02,7.575684000000000307e-01,-1.430541999999999980e+00
1.947021000000000157e+01,4.064941000000000315e+01,-1.794434000000000040e+01,-2.351073999999999942e-01,6.158447000000000227e-01,-2.475951999999999931e+00
3.637695000000000078e+01,-1.416625999999999976e+02,-1.586913999999999980e+01,-3.107909999999999839e-01,2.917480000000000073e-02,-2.537109000000000059e+00
2.423094999999999999e+01,-2.708740000000000236e+02,-1.403807999999999945e+00,8.666991999999999752e-02,2.503661999999999832e-01,-1.054076999999999931e+00
-2.636719000000000079e+01,-3.588256000000000085e+02,-2.600096999999999881e+01,4.992675999999999781e-01,-1.538085999999999967e-02,1.414428999999999936e+00
-3.894042999999999921e+01,-1.016846000000000032e+02,-2.075195000000000078e+01,-6.679688000000000292e-01,-9.028319999999999679e-01,3.999512000000000178e+00
-5.456542000000000314e+01,2.681274000000000228e+02,-1.409911999999999921e+01,-6.314697000000000227e-01,-8.481444999999999679e-01,3.693604000000000109e+00
-1.690673999999999921e+01,2.413940000000000055e+02,5.139159999999999684e+01,-3.848876999999999993e-01,-7.104492000000000029e-01,-1.878662000000000110e-01
1.232910000000000039e+01,1.680908000000000015e+02,7.635497999999999763e+01,-1.593017999999999934e-01,4.168701000000000212e-01,-6.901855000000000073e-01
-2.441406000000000187e+00,1.008301000000000016e+02,3.259277000000000157e+01,-1.175536999999999971e-01,9.017334000000000183e-01,-1.665283000000000069e+00
1.092529000000000039e+01,-5.963134000000000157e+01,-2.160643999999999920e+01,-2.615967000000000153e-01,6.706543000000000365e-01,-2.573853000000000169e+00
2.294922000000000040e+01,-1.864012999999999920e+02,-2.069091999999999842e+01,-1.853026999999999869e-01,1.114501999999999993e-01,-2.098145000000000149e+00
1.757813000000000159e+01,-3.076782000000000039e+02,-1.342773000000000039e+01,3.383788999999999825e-01,1.472168000000000088e-01,-1.594238000000000044e-01
-2.166748000000000118e+01,-3.450317000000000007e+02,-1.831054999999999922e+01,4.218750000000000000e-01,-6.063231999999999511e-01,3.701049999999999951e+00
-6.762694999999999368e+01,1.537476000000000056e+02,-1.977539000000000158e+01,-9.343261999999999956e-01,-5.183105000000000073e-01,3.999512000000000178e+00
-2.130126999999999882e+01,2.991333000000000197e+02,1.403807999999999945e+00,-3.758544999999999803e-01,-9.766846000000000139e-01,9.610596000000000139e-01
2.136230000000000118e+01,2.241211000000000126e+02,7.031250000000000000e+01,-2.647705000000000197e-01,-2.532959000000000183e-01,-3.690185999999999744e-01
1.538086000000000020e+01,1.633300999999999874e+02,3.778076000000000079e+01,5.017089999999999744e-02,9.450684000000000307e-01,-1.314087000000000005e+00
-4.882812000000000263e-01,4.956054000000000315e+01,-3.424072000000000315e+01,-1.403808999999999960e-02,1.051514000000000060e+00,-2.844971000000000139e+00
2.307129000000000119e+01,-1.812744000000000142e+02,-2.404785000000000039e+01,-5.822754000000000124e-02,-2.725830000000000197e-01,-2.944335999999999842e+00
-1.037598000000000020e+00,-3.609619000000000142e+02,9.948729999999999407e+00,5.961914000000000380e-01,-2.235107000000000066e-01,-1.618773999999999935e+00
3.198242000000000118e+01,-3.784178999999999746e+02,3.271484000000000236e+01,5.957031000000000409e-01,-7.891846000000000139e-01,3.996948000000000167e+00
-5.975341000000000236e+01,2.811279000000000110e+02,-2.093506000000000000e+01,-5.941161999999999832e-01,2.004394999999999927e-01,3.898681999999999981e+00
-1.745605000000000118e+01,3.188476999999999748e+02,-1.849364999999999881e+01,-2.447509999999999963e-01,-5.098877000000000548e-01,5.332031000000000409e-01
-8.544921999999999684e+00,1.754761000000000024e+02,3.710938000000000159e+01,-2.487793000000000088e-01,4.431151999999999869e-01,-1.906859999999999999e+00
1.495360999999999940e+01,4.522704999999999842e+01,-5.126953000000000316e+00,-1.256104000000000109e-01,9.584960999999999620e-01,-2.395751999999999882e+00
2.624511000000000038e+01,-1.285399999999999920e+02,-2.496338000000000079e+01,-3.442383000000000248e-02,2.504882999999999971e-01,-2.954223999999999961e+00
4.138183000000000078e+01,-3.189696999999999889e+02,-8.544920999999999767e-01,5.261230000000000073e-01,-2.645263999999999949e-01,-1.479247999999999896e+00
3.973389000000000237e+01,-3.061523000000000252e+02,1.977539000000000158e+01,1.853026999999999869e-01,-4.119873000000000007e-01,3.999267999999999823e+00
-3.552246000000000237e+01,3.127441000000000031e+02,-4.919433000000000078e+01,-5.482177999999999773e-01,-6.188964999999999744e-02,3.746825999999999990e+00
-2.142333999999999961e+01,3.250731999999999857e+02,-9.277343999999999369e+00,-2.696532999999999847e-01,-8.565673999999999788e-01,8.410644999999999927e-02
6.408691000000000138e+00,1.538695999999999913e+02,4.101561999999999841e+01,-1.782227000000000117e-01,4.425048999999999788e-01,-2.016112999999999822e+00
-3.173827999999999872e+00,3.179930999999999841e+01,-9.155272999999999328e+00,-5.920410000000000256e-02,8.778076000000000212e-01,-2.574584999999999901e+00
2.746582000000000079e+00,-1.670532000000000039e+02,-1.574707000000000079e+01,5.102538999999999686e-02,5.737304999999999836e-03,-2.916504000000000207e+00
2.423094999999999999e+01,-3.238525000000000205e+02,1.831055000000000099e+00,5.539551000000000336e-01,-6.774901999999999314e-02,-1.043579000000000034e+00
4.882812999999999626e+00,-2.770385999999999740e+02,-1.831055000000000099e+00,5.639647999999999883e-02,-4.787598000000000131e-01,3.999512000000000178e+00
-2.777099000000000117e+01,3.009033000000000015e+02,-3.375244000000000000e+01,-6.297606999999999511e-01,-3.653564000000000256e-01,3.649048000000000069e+00
-1.696777000000000157e+01,2.898559999999999945e+02,3.173827999999999872e+00,-3.497314000000000256e-01,-7.800293000000000365e-01,-4.528809000000000307e-02
-3.662109000000000059e-01,1.452025999999999897e+02,4.895018999999999920e+01,-1.356200999999999934e-01,4.833984000000000059e-01,-1.601439999999999975e+00
-3.961182000000000158e+01,5.072021000000000157e+01,4.516601999999999784e+00,-8.483886999999999678e-02,9.476318000000000241e-01,-2.438476999999999784e+00
-1.037598000000000020e+00,-1.605225000000000080e+02,-2.514648000000000039e+01,4.492187999999999737e-02,2.373047000000000073e-01,-2.871338000000000168e+00
4.455566000000000138e+00,-3.234863000000000284e+02,-1.690673999999999921e+01,5.718993999999999467e-01,-3.095703000000000205e-01,1.265258999999999912e+00
2.368164000000000158e+01,-1.694945999999999913e+02,-1.586913999999999936e+00,-6.450194999999999679e-01,-8.509520999999999891e-01,3.999512000000000178e+00
-2.740477999999999881e+01,2.844848999999999819e+02,-1.501464999999999961e+01,-6.265868999999999467e-01,-3.796386999999999956e-01,2.728394000000000208e+00
-1.776123000000000118e+01,2.390747000000000071e+02,1.843262000000000000e+01,-4.475098000000000131e-01,-5.999756000000000533e-01,-3.403320000000000234e-01
3.540039000000000158e+00,1.130981000000000023e+02,4.357909999999999684e+01,-1.990966999999999876e-01,5.927734000000000059e-01,-1.542113999999999985e+00
8.422852000000000672e+00,1.312256000000000000e+01,-4.089355000000000295e+00,-1.276855000000000073e-01,9.025878999999999985e-01,-2.497681000000000040e+00
4.388427000000000078e+01,-1.953735000000000070e+02,-1.989745999999999881e+01,-1.513671999999999934e-02,1.369628999999999985e-01,-2.139892999999999823e+00
1.873779000000000039e+01,-3.354492000000000189e+02,-2.960204999999999842e+01,2.946776999999999869e-01,-3.507080000000000197e-01,2.600585999999999842e+00
-1.995850000000000080e+01,-3.570557000000000158e+01,-1.147461000000000020e+01,-9.726563000000000292e-01,-7.880859000000000059e-01,3.999512000000000178e+00
-3.308104999999999762e+01,3.034667999999999779e+02,5.065916999999999781e+00,-4.725342000000000153e-01,-8.341064000000000256e-01,2.052245999999999793e+00
-5.676268999999999565e+00,2.399901999999999873e+02,5.444335000000000235e+01,-2.844238000000000044e-01,-2.998046999999999795e-01,-6.798096000000000139e-01
4.638671999999999684e+00,1.109619000000000000e+02,3.222655999999999921e+01,-9.289551000000000058e-02,9.993895999999999891e-01,-2.002441000000000138e+00
1.348877000000000059e+01,-1.861571999999999960e+01,-2.642821999999999960e+01,-1.110840000000000022e-01,7.869872999999999452e-01,-2.938109999999999999e+00
3.216552999999999685e+01,-2.385253999999999905e+02,-1.367187000000000019e+01,1.254882999999999971e-01,-2.600097999999999993e-02,-1.909424000000000010e+00
8.544921999999999684e+00,-3.394164999999999850e+02,-2.288817999999999842e+01,2.498778999999999861e-01,-4.648437999999999737e-01,3.530883999999999912e+00
-3.485106999999999999e+01,5.194091000000000236e+01,-1.159667999999999921e+01,-1.096802000000000055e+00,-6.463622999999999452e-01,3.999512000000000178e+00
-3.552246000000000237e+01,3.153075999999999794e+02,1.159667999999999921e+01,-4.636230000000000073e-01,-8.472899999999999876e-01,1.546265000000000001e+00
-1.568603000000000058e+01,2.481689000000000078e+02,5.963134000000000157e+01,-2.669677999999999773e-01,-8.129883000000000248e-02,-9.200439000000000256e-01
-1.574707000000000079e+01,9.942625999999999920e+01,1.574707000000000079e+01,-1.068115000000000037e-01,8.974609000000000059e-01,-2.082275000000000098e+00
-2.691649999999999920e+01,-1.757813000000000159e+01,-2.435302000000000078e+01,-8.911133000000000248e-02,4.519042999999999810e-01,-2.890868999999999911e+00
3.314209000000000316e+01,-2.319336000000000126e+02,-1.708983999999999881e+01,1.424561000000000022e-01,-2.709960999999999967e-02,-2.319580000000000197e+00
3.613280999999999921e+01,-4.100341000000000236e+02,-1.916504000000000119e+01,5.429688000000000292e-01,-3.861084000000000183e-01,2.775634999999999852e+00
-5.676268999999999565e+00,-5.200195000000000078e+01,-1.281738000000000000e+01,-9.851073999999999664e-01,-5.883789000000000380e-01,3.999512000000000178e+00
-5.151366999999999763e+01,3.100586000000000126e+02,-5.493164000000000380e-01,-4.974365000000000037e-01,-7.102051000000000336e-01,1.745482999999999896e+00
-1.757813000000000159e+01,2.210692999999999984e+02,4.656981999999999999e+01,-4.512939000000000256e-01,-3.468017999999999934e-01,-8.240967000000000153e-01
3.295898000000000216e+00,8.447265000000000157e+01,3.686522999999999683e+01,-1.962890999999999941e-01,9.282226999999999562e-01,-1.744385000000000074e+00
-1.647948999999999842e+01,-3.381347999999999843e+01,-1.934814000000000078e+01,-1.462401999999999869e-01,7.325439000000000256e-01,-2.894652999999999921e+00
2.117920000000000158e+01,-2.592773000000000252e+02,-2.203369000000000000e+01,1.361083999999999905e-01,-6.616210999999999620e-02,-2.199218999999999813e+00
2.862548999999999921e+01,-3.988647000000000276e+02,-2.502441000000000138e+00,7.012939000000000256e-01,-6.381835999999999620e-01,3.301270000000000149e+00
-9.094238000000000710e+00,1.635742000000000118e+01,-4.516601999999999784e+00,-8.237305000000000321e-01,-5.012206999999999635e-01,3.999512000000000178e+00
-4.101561999999999841e+01,3.363036999999999921e+02,-3.784178999999999959e+00,-2.468261999999999956e-01,-6.774902000000000424e-01,1.468871999999999955e+00
-2.258300999999999892e+00,2.440795999999999992e+02,4.119872999999999763e+01,-2.625732000000000066e-01,-2.750244000000000022e-01,-9.073485999999999496e-01
1.458740000000000059e+01,1.034545999999999992e+02,2.258301000000000158e+01,-1.265869000000000022e-01,8.964843999999999591e-01,-1.958617999999999970e+00
-9.521483999999999170e+00,-7.220458999999999605e+01,-3.540039000000000158e+01,-1.796875000000000000e-01,5.197753999999999985e-01,-2.860351999999999784e+00
-4.211426000000000336e+00,-2.263794000000000040e+02,-2.069091999999999842e+01,1.062012000000000025e-02,4.089355000000000073e-02,-2.288695999999999842e+00
3.784179999999999922e+01,-4.110717000000000212e+02,-1.580809999999999960e+01,7.613524999999999876e-01,-2.426757999999999971e-01,1.936279000000000083e+00
3.674316000000000315e+01,-1.556396000000000015e+02,-1.647948999999999842e+01,-4.650878999999999985e-01,-4.544677999999999773e-01,3.999512000000000178e+00
-7.080078000000000316e+01,3.229370000000000118e+02,-4.064941000000000315e+01,-3.004149999999999876e-01,-8.657226999999999562e-01,3.094603999999999910e+00
-2.691649999999999920e+01,2.974243000000000166e+02,2.526855000000000118e+01,-2.105712999999999890e-01,-9.774169999999999803e-01,-1.121825999999999934e-01
5.187987999999999822e+00,1.417236000000000047e+02,6.390379999999999683e+01,-1.744384999999999963e-01,1.566162000000000110e-01,-1.573363999999999985e+00
-1.037598000000000020e+00,-1.171875000000000000e+01,2.044677000000000078e+01,-2.979736000000000051e-01,6.533202999999999649e-01,-2.369629000000000207e+00
2.319335999999999842e+00,-1.359863000000000000e+02,5.920410000000000394e+00,-3.000488000000000044e-01,3.510742000000000029e-01,-2.347656000000000187e+00
-7.507323999999999664e+00,-3.455810000000000173e+02,2.441406000000000132e-01,4.427490000000000037e-01,-3.839111000000000051e-01,-3.035888999999999949e-01
8.453368000000000393e+01,-3.024291999999999803e+02,3.460692999999999842e+01,3.942870999999999876e-02,-7.993164000000000380e-01,3.989014000000000060e+00
-1.070557000000000016e+02,2.885742000000000189e+02,-1.715088000000000079e+01,-4.194336000000000175e-01,2.303466999999999876e-01,3.683959999999999901e+00
-4.357909999999999684e+01,3.071288999999999874e+02,-1.403808000000000078e+01,-2.943115000000000037e-01,-4.625244000000000022e-01,-1.416015999999999976e-02
-5.493164000000000158e+00,1.997680000000000007e+02,3.247070000000000078e+01,-3.004149999999999876e-01,-6.225586000000000314e-02,-7.741698999999999664e-01
1.733398000000000039e+01,1.041260000000000048e+02,3.198242000000000118e+01,-2.064208999999999905e-01,7.301024999999999876e-01,-1.510132000000000030e+00
4.504393999999999920e+01,-1.055907999999999980e+01,-1.239014000000000060e+01,-2.597655999999999854e-01,1.222167999999999921e+00,-2.566284000000000010e+00
1.904297000000000040e+01,-2.421875000000000000e+02,-7.257080000000000553e+01,-1.831055000000000052e-03,5.350342000000000153e-01,-2.593750000000000000e+00
-1.066894000000000062e+02,-4.302368000000000166e+02,-7.714843999999999369e+01,8.437500000000000000e-01,-6.929931999999999759e-01,-1.470703000000000094e+00
-2.321167000000000087e+02,-3.755493000000000166e+02,2.990721999999999881e+00,7.939452999999999649e-01,-2.611327999999999872e+00,3.999512000000000178e+00
7.672119000000000710e+01,2.986449999999999818e+02,-1.660155999999999921e+01,-1.151123000000000007e-01,-3.692626999999999993e-01,3.812622000000000178e+00
3.967284999999999684e+01,3.370360999999999763e+02,-2.392577999999999960e+01,1.248779000000000000e-01,-1.444946000000000064e+00,1.047363000000000044e+00
4.119872999999999763e+01,2.578125000000000000e+02,7.110595999999999606e+01,-8.593750000000000000e-02,-4.868163999999999825e-01,-3.691405999999999854e-01
7.519531000000000631e+01,2.006836000000000126e+02,6.134033000000000158e+01,-1.011963000000000029e-01,2.045897999999999883e-01,-5.753173999999999788e-01
4.718016999999999683e+01,1.638794000000000040e+02,2.105713000000000079e+01,-2.086182000000000036e-01,4.460449000000000219e-01,-1.103393999999999986e+00
4.510497999999999763e+01,8.801269000000000631e+01,-1.385497999999999941e+01,-3.801269999999999927e-01,5.357665999999999817e-01,-1.990356000000000014e+00
3.729247999999999763e+01,-8.752439999999999998e+01,-3.656006000000000000e+01,-4.477538999999999825e-01,1.076659999999999978e-01,-2.628296000000000188e+00
4.724121000000000237e+01,-3.031616000000000213e+02,-1.202392000000000039e+01,2.220458999999999905e-01,-1.313477000000000117e-01,-2.414673000000000069e+00
-3.417969000000000079e+01,-4.747923999999999864e+02,1.831055000000000099e+00,1.294311999999999907e+00,-5.029297000000000351e-01,-1.203978999999999910e+00
-8.691405000000000314e+01,-5.182495000000000118e+02,5.096435000000000315e+01,1.958129999999999926e+00,-1.712523999999999935e+00,3.972656000000000187e+00
1.147461000000000020e+01,3.363036999999999921e+01,7.507323999999999842e+01,-2.379149999999999876e-01,-4.614257999999999971e-01,3.999512000000000178e+00
-4.254149999999999920e+01,3.346557000000000244e+02,-1.849364999999999881e+01,1.470946999999999949e-01,-4.522705000000000197e-01,1.994140999999999941e+00
-5.126953000000000316e+00,2.753906000000000063e+02,3.240966999999999842e+01,-2.905272999999999883e-02,-8.721923999999999788e-01,7.034911999999999832e-01
4.150390999999999941e+00,2.521972000000000094e+02,7.397460999999999842e+01,1.550292999999999984e-02,6.030272999999999883e-02,1.034545999999999966e+00
-8.422852000000000672e+00,2.970581000000000245e+02,2.197265000000000157e+01,2.148438000000000014e-01,5.220947000000000227e-01,8.050536999999999832e-01
5.859375000000000000e+00,3.134766000000000190e+02,8.544920999999999767e-01,2.071533000000000124e-01,1.004638999999999949e-01,1.000976999999999943e-02
7.623291000000000395e+01,2.893677000000000135e+02,7.873535000000000394e+00,7.580565999999999693e-02,-6.396483999999999503e-02,-8.062743999999999467e-01
7.397460999999999842e+01,2.388916000000000111e+02,1.232910000000000039e+01,-1.533202999999999927e-01,-1.302490000000000037e-01,-1.496582000000000079e+00
5.584716000000000236e+01,1.265869000000000000e+02,1.477050999999999981e+01,-3.741455000000000197e-01,-5.493163999999999686e-02,-2.148193000000000019e+00
3.009033000000000158e+01,1.977539000000000158e+01,9.460449000000000552e+00,-3.507080000000000197e-01,3.259277000000000007e-02,-2.495117000000000029e+00
2.276611000000000118e+01,-1.607666000000000111e+02,5.126953000000000316e+00,2.185058999999999960e-02,-3.833008000000000248e-02,-3.031250000000000000e+00
5.004883000000000415e+00,-3.874510999999999967e+02,4.577637000000000178e+00,1.089110999999999940e+00,9.899901999999999314e-02,-2.982788000000000217e+00
-3.265381000000000000e+01,-5.629271999999999707e+02,1.708984000000000059e+00,2.258300999999999892e+00,1.330566000000000040e-02,-2.149169999999999803e+00
-1.559447999999999865e+02,-7.512205999999999904e+02,-4.492186999999999841e+01,3.809569999999999901e+00,-7.260742000000000029e-01,2.682494999999999852e+00
-2.435302000000000078e+01,-3.859863000000000284e+02,-8.911132999999999527e+00,1.252807999999999922e+00,-2.176757999999999971e+00,3.999512000000000178e+00
-2.929686999999999930e+00,2.357177000000000078e+02,-2.215576000000000079e+01,-4.201659999999999839e-01,-2.226563000000000014e-01,3.836181999999999981e+00
-3.228759999999999764e+01,2.472533999999999992e+02,-1.409911999999999921e+01,-4.227294999999999803e-01,-1.158690999999999915e+00,1.411621000000000015e+00
3.967284999999999950e+00,2.304077000000000055e+02,7.519531000000000631e+01,-2.280272999999999883e-01,-4.858397999999999883e-01,1.883300999999999892e+00
1.885986000000000118e+01,3.183593999999999937e+02,3.247070000000000078e+01,3.638915999999999817e-01,5.878906000000000409e-01,1.277587999999999946e+00
1.098633000000000060e+01,3.543090000000000259e+02,-9.094238000000000710e+00,5.206298999999999788e-01,2.178954999999999920e-01,6.630859000000000059e-01
2.777099000000000117e+01,3.598022000000000276e+02,-7.507323999999999664e+00,4.842528999999999861e-01,-5.810546999999999934e-02,-3.361816000000000249e-01
5.688475999999999999e+01,3.361206000000000245e+02,-3.906250000000000000e+00,3.658447000000000227e-01,-1.517333999999999905e-01,-1.012084999999999901e+00
3.802490000000000236e+01,2.421263999999999896e+02,9.887695000000000789e+00,1.281737999999999975e-02,-3.902588000000000168e-01,-2.146973000000000020e+00
3.735352000000000317e+01,1.162720000000000056e+02,3.405762000000000000e+01,-2.054442999999999964e-01,-3.314209000000000183e-01,-2.909546000000000188e+00
3.002928999999999959e+01,-8.782958000000000709e+01,4.486084000000000316e+01,-1.199950999999999934e-01,-9.924315999999999693e-02,-3.015868999999999911e+00
7.263182999999999723e+00,-2.869263000000000261e+02,2.740477999999999881e+01,4.739990000000000037e-01,1.760253999999999985e-01,-2.651367000000000029e+00
-2.056885000000000119e+01,-4.197386999999999944e+02,6.042480000000000295e+00,1.113159000000000010e+00,1.497803000000000051e-01,-2.022339000000000109e+00
-6.610107000000000710e+01,-5.849609000000000378e+02,-1.849364999999999881e+01,2.095581000000000138e+00,-6.506348000000000686e-02,-8.212890999999999941e-01
-3.698729999999999762e+01,-6.567992000000000417e+02,-3.009033000000000158e+01,2.621338000000000168e+00,-9.050293000000000365e-01,1.988525000000000098e+00
9.729003000000000156e+01,-2.392578000000000031e+02,6.829833999999999605e+01,2.802734000000000059e-01,-5.734863000000000044e-01,3.999512000000000178e+00
3.088379000000000119e+01,2.059935999999999865e+02,-5.676268999999999565e+00,-4.780272999999999883e-01,2.346190999999999971e-01,3.362305000000000099e+00
3.039551000000000158e+01,2.399901999999999873e+02,-1.837158000000000158e+01,-4.455566000000000249e-01,-7.504882999999999971e-01,1.251098999999999961e+00
-2.282714999999999961e+01,2.175293000000000063e+02,3.247070000000000078e+01,-3.232421999999999795e-01,1.320801000000000058e-01,1.288329999999999975e+00
-5.584716000000000236e+01,2.678222999999999843e+02,2.441406000000000187e+00,3.295897999999999883e-02,5.803222999999999576e-01,1.648438000000000070e+00
-3.497314000000000078e+01,3.570556000000000267e+02,-2.484131000000000000e+01,4.284667999999999810e-01,1.768799000000000066e-01,8.581543000000000365e-01
-9.582520000000000593e+00,3.782959000000000174e+02,-2.087402000000000157e+01,5.172118999999999467e-01,-1.533202999999999927e-01,-6.433105000000000073e-02
-3.540039000000000158e+00,3.663940000000000055e+02,1.342772999999999994e+00,5.301514000000000504e-01,-2.017821999999999949e-01,-9.006347999999999576e-01
-1.464844000000000079e+01,3.217773000000000252e+02,2.038573999999999842e+01,4.677734000000000059e-01,-8.630371000000000570e-02,-2.199097000000000079e+00
3.399658000000000158e+01,1.479491999999999905e+02,2.636719000000000079e+01,2.429198999999999942e-01,1.441649999999999876e-01,-3.471191000000000138e+00
1.916504000000000119e+01,-1.455078000000000031e+02,8.422852000000000672e+00,3.486328000000000205e-01,1.823730000000000073e-01,-3.920898000000000216e+00
1.452637000000000000e+01,-3.301390999999999849e+02,-2.258300999999999892e+00,9.036864999999999482e-01,1.418456999999999912e-01,-2.843993999999999911e+00
1.135253999999999941e+01,-4.937744000000000142e+02,-2.563476000000000088e+00,1.649901999999999980e+00,4.809569999999999818e-02,-1.808715999999999990e+00
-3.338622999999999763e+01,-6.495359999999999445e+02,-7.263182999999999723e+00,2.527222000000000079e+00,9.155273000000000230e-03,-9.057617000000000029e-01
-7.415770999999999447e+01,-6.528319000000000187e+02,-6.707764000000000237e+01,2.588379000000000207e+00,-5.749511999999999956e-01,3.855224999999999902e+00
2.886963000000000079e+01,-7.537842000000000553e+01,1.397705000000000020e+01,-4.241943000000000241e-01,-1.135863999999999985e+00,3.999512000000000178e+00
3.417969000000000079e+01,1.489867999999999881e+02,-1.037598000000000020e+01,-7.895507999999999971e-01,-1.690674000000000066e-01,3.248534999999999950e+00
-1.336669999999999980e+01,1.694945999999999913e+02,-1.586913999999999936e+00,-6.309814000000000256e-01,-7.446289000000000380e-01,1.747192000000000078e+00
-5.004881999999999920e+01,2.111205999999999960e+02,3.369140999999999764e+01,-3.682861000000000051e-01,-4.705810999999999744e-01,2.301025000000000098e+00
-4.229735999999999763e+01,3.394775000000000205e+02,3.570557000000000158e+01,2.851562999999999737e-01,7.617187999999999737e-02,2.002075000000000049e+00
-3.668213000000000079e+01,4.042357999999999834e+02,2.282714999999999961e+01,6.584472999999999576e-01,2.648926000000000058e-02,9.313964999999999606e-01
-6.713866999999999585e+00,4.133910999999999945e+02,4.193115000000000236e+01,7.932128999999999985e-01,-1.702880999999999978e-01,-3.908691000000000249e-01
1.342772999999999994e+00,3.499144999999999754e+02,6.304930999999999841e+01,6.383056999999999759e-01,7.202148000000000230e-03,-1.617064999999999975e+00
2.319335999999999842e+01,2.360228999999999928e+02,6.347655999999999921e+01,3.164062999999999737e-01,1.744384999999999963e-01,-2.707764000000000060e+00
4.394530999999999921e+01,6.164550000000000196e+00,3.802490000000000236e+01,7.751465000000000438e-02,4.448242000000000029e-01,-3.472534000000000010e+00
2.423094999999999999e+01,-1.636351999999999975e+02,6.774901999999999980e+00,2.806395999999999891e-01,4.404296999999999795e-01,-3.128174000000000010e+00
2.020262999999999920e+01,-3.336791999999999803e+02,-2.160643999999999920e+01,8.514403999999999861e-01,3.525390999999999941e-01,-2.277709999999999901e+00
6.835937000000000374e+00,-4.412230999999999881e+02,-3.375244000000000000e+01,1.514647999999999994e+00,1.871337999999999890e-01,-1.572510000000000074e+00
-5.664061999999999841e+01,-6.127318999999999960e+02,-6.634520999999999447e+01,2.198853000000000169e+00,1.053467000000000015e-01,-3.763427999999999773e-01
-1.649170000000000016e+02,-5.701294000000000324e+02,-1.240845000000000056e+02,1.887694999999999901e+00,-1.412719999999999976e+00,3.995117000000000029e+00
-4.003905999999999921e+01,-3.253173999999999921e+01,-2.886963000000000079e+01,-6.147460999999999620e-01,-2.622069999999999901e+00,3.999512000000000178e+00
2.539061999999999841e+01,2.402954000000000008e+02,4.632567999999999842e+01,-6.887206999999999635e-01,-1.119018999999999986e+00,2.148438000000000070e+00
-5.432127999999999624e+00,2.304077000000000055e+02,6.378173000000000314e+01,-5.003661999999999832e-01,-6.193847999999999576e-01,1.617798000000000069e+00
-2.471923999999999921e+01,3.323364000000000260e+02,6.890869000000000710e+01,9.448241999999999752e-02,-3.601073999999999942e-02,1.911987000000000103e+00
2.349852999999999881e+01,3.921508000000000038e+02,4.656981999999999999e+01,6.889648000000000438e-01,-7.153320000000000511e-02,6.403809000000000307e-01
1.593017000000000039e+01,4.070434000000000196e+02,5.047606999999999999e+01,7.559814000000000256e-01,-2.331543000000000088e-01,-3.558350000000000124e-01
6.939696999999999605e+01,3.294676999999999794e+02,7.604980000000000473e+01,4.730225000000000124e-01,-1.364746000000000015e-01,-1.652709999999999901e+00
3.924560999999999922e+01,2.122802000000000078e+02,6.573485999999999763e+01,1.358642999999999934e-01,1.766357000000000066e-01,-2.642456000000000138e+00
1.660155999999999921e+01,-6.774901999999999980e+00,3.588866999999999763e+01,-6.323241999999999752e-02,1.979980000000000073e-01,-3.129027999999999921e+00
-9.155271999999999855e-01,-1.439818999999999960e+02,2.319335999999999842e+01,1.505126999999999993e-01,1.618651999999999869e-01,-2.591187000000000129e+00
1.947021000000000157e+01,-2.898559999999999945e+02,1.342773000000000039e+01,6.185302999999999773e-01,1.911621000000000015e-01,-2.175659000000000010e+00
7.934569999999999679e-01,-4.445190000000000055e+02,5.493164000000000380e-01,1.292602999999999946e+00,1.713867000000000029e-01,-1.799682999999999922e+00
-8.093260999999999683e+01,-5.971068999999999960e+02,-3.491210999999999842e+01,2.049682999999999922e+00,2.435303000000000051e-01,-9.686278999999999861e-01
-2.548828000000000031e+02,-6.673582999999999856e+02,-1.710204999999999984e+02,2.667114000000000207e+00,-2.687988000000000044e-01,3.727050999999999892e+00
-3.511351999999999975e+02,-1.966553000000000111e+02,-2.193602999999999952e+02,7.775878999999999430e-02,-2.594848999999999961e+00,3.999512000000000178e+00
7.757568000000000552e+01,1.907348000000000070e+02,1.507568000000000019e+01,-6.400145999999999891e-01,-3.625243999999999911e+00,3.596680000000000099e+00
6.774901999999999980e+00,2.443847000000000094e+02,1.372069999999999936e+02,-2.202147999999999883e-01,-1.595215000000000050e+00,1.402832000000000079e+00
-1.684570000000000078e+01,2.282715000000000032e+02,1.363524999999999920e+02,-3.674315999999999693e-02,-1.219482000000000066e-01,1.365844999999999976e+00
-1.312256000000000000e+01,2.946166999999999803e+02,9.057616000000000156e+01,2.373047000000000073e-01,3.643798999999999788e-01,1.042969000000000035e+00
2.478027000000000157e+01,3.174438000000000102e+02,5.822753000000000156e+01,2.774657999999999847e-01,1.195067999999999964e-01,4.595947000000000227e-01
6.280516999999999683e+01,3.413084999999999809e+02,6.317137999999999920e+01,3.662109000000000059e-01,-2.498778999999999861e-01,-2.539062999999999737e-01
1.115722999999999985e+02,3.278808000000000220e+02,8.056640000000000157e+01,3.967284999999999839e-01,-2.875977000000000117e-01,-1.047606999999999955e+00
1.394043000000000063e+02,2.355346000000000117e+02,8.178709999999999525e+01,2.994384999999999963e-01,-3.784180000000000182e-02,-2.403319999999999901e+00
1.387329000000000008e+02,8.258056000000000552e+01,4.266356999999999999e+01,1.392821999999999949e-01,3.706054999999999766e-01,-3.869994999999999852e+00
2.478027000000000157e+01,-3.020629999999999882e+02,-2.398680999999999841e+01,7.663573999999999664e-01,1.041259999999999963e-01,-3.998047000000000128e+00
2.264404000000000039e+01,-5.740967000000000553e+02,7.507323999999999664e+00,2.131348000000000020e+00,-7.718506000000000533e-01,-1.773071000000000064e+00
4.895018999999999920e+01,-6.224976000000000340e+02,8.666991000000000156e+01,2.594848999999999961e+00,-6.506347999999999576e-01,-8.300781000000000132e-02
-1.216431000000000040e+02,-5.947265999999999622e+02,9.533689999999999998e+01,2.386963000000000168e+00,-2.441406000000000132e-03,3.599854000000000109e+00
-4.650878000000000156e+01,-3.044433999999999969e+02,4.492186999999999841e+01,5.766601999999999562e-01,-5.534668000000000365e-01,3.999512000000000178e+00
-7.818604000000000553e+01,5.401610999999999763e+01,-1.129149999999999920e+01,-5.257568000000000241e-01,-1.271973000000000131e-01,3.999512000000000178e+00
-4.833984000000000236e+01,1.851805999999999983e+02,-1.770019999999999882e+01,-3.395996000000000015e-01,-8.142089999999999606e-01,2.692505000000000148e+00
-7.232666000000000395e+01,2.578125000000000000e+02,3.295897999999999683e+01,-1.348876999999999993e-01,-6.571044999999999803e-01,2.214843999999999813e+00
-3.997802999999999685e+01,3.228149000000000228e+02,5.010985999999999763e+01,2.924804999999999766e-01,3.116455000000000197e-01,1.110473999999999961e+00
-3.979491999999999763e+01,3.283081000000000245e+02,7.873535000000000394e+00,3.138427999999999773e-01,1.103515999999999941e-01,5.505371000000000015e-01
-1.593017000000000039e+01,3.081664999999999850e+02,2.294922000000000040e+01,2.821044999999999803e-01,-9.289551000000000058e-02,-7.868652000000000424e-01
5.438231999999999999e+01,2.229003999999999905e+02,1.831054999999999922e+01,1.586914000000000033e-03,-5.493163999999999686e-02,-1.554564999999999975e+00
5.413817999999999842e+01,1.108397999999999968e+02,2.337646000000000157e+01,-2.799072000000000227e-01,1.481934000000000029e-01,-2.249633999999999912e+00
5.914305999999999841e+01,-9.765624000000000526e-01,9.887695000000000789e+00,-2.766113000000000044e-01,3.375244000000000022e-01,-2.830443999999999960e+00
3.552246000000000237e+01,-1.690063000000000102e+02,-4.699707000000000079e+00,-6.713866999999999752e-02,7.861327999999999372e-02,-2.558228000000000169e+00
2.056885000000000119e+01,-3.060303000000000111e+02,-4.516601999999999784e+00,4.621582000000000190e-01,1.622313999999999978e-01,-1.512207000000000079e+00
-4.986572000000000315e+01,-3.851317999999999984e+02,-3.564453000000000316e+01,8.524169999999999803e-01,2.749022999999999883e-01,-5.255127000000000548e-01
-5.493164000000000380e-01,-4.371947999999999865e+02,-5.938719999999999999e+01,8.432617000000000029e-01,-1.272949000000000108e+00,2.732909999999999950e+00
-8.129882000000000630e+01,-2.697144000000000119e+02,3.662109000000000059e+00,-8.496093999999999868e-02,-1.550537000000000054e+00,3.999512000000000178e+00
4.382323999999999842e+01,1.422119000000000142e+02,5.249023000000000216e+00,-8.919677999999999773e-01,-1.073852999999999946e+00,3.999512000000000178e+00
1.580809999999999960e+01,2.725219999999999914e+02,4.187010999999999683e+01,-3.867187999999999737e-01,-1.076416000000000039e+00,1.832519999999999927e+00
-3.436278999999999684e+01,3.010253999999999905e+02,8.172606000000000392e+01,-1.063232000000000066e-01,-6.470947000000000227e-01,1.739502000000000104e+00
-5.737303999999999959e+00,3.624877000000000180e+02,8.746336999999999762e+01,4.835205000000000197e-01,2.797852000000000117e-01,7.652588000000000168e-01
4.071043999999999841e+01,3.353881000000000085e+02,4.449461999999999762e+01,4.343261999999999956e-01,4.526367000000000029e-01,-5.739746000000000015e-01
5.316161999999999921e+01,2.352905000000000086e+02,1.019286999999999921e+01,8.142090000000000438e-02,1.177978999999999971e-01,-1.631226000000000065e+00
5.175780999999999921e+01,1.451416000000000111e+02,5.737303999999999959e+00,-1.044921999999999934e-01,9.887695000000000511e-02,-1.979125999999999941e+00
5.767822000000000315e+01,3.070067999999999842e+01,4.760741999999999585e+00,-1.596680000000000044e-01,-1.744384999999999963e-01,-2.463989000000000207e+00
5.078125000000000000e+01,-1.235350999999999999e+02,3.057861000000000118e+01,-8.544921999999999501e-04,-2.940673999999999788e-01,-2.738646999999999831e+00
5.767822000000000315e+01,-2.539672999999999945e+02,5.230711999999999762e+01,3.570556999999999759e-01,-1.657714999999999883e-01,-2.501098999999999961e+00
9.094238000000000710e+00,-4.152832000000000221e+02,5.493164000000000158e+01,1.136962999999999946e+00,-6.384276999999999314e-02,-1.683227999999999946e+00
-3.533935999999999922e+01,-5.564574999999999818e+02,5.548094999999999999e+01,1.910034000000000010e+00,-3.112793000000000157e-02,-4.390869000000000022e-01
-1.842650999999999897e+02,-5.776367000000000189e+02,1.525878999999999941e+01,1.942017000000000104e+00,-8.431395999999999891e-01,3.893555000000000099e+00
-1.354979999999999905e+02,-1.059569999999999936e+02,2.807617000000000029e+00,-3.381348000000000131e-01,-4.224854000000000109e-01,3.999512000000000178e+00
1.293945000000000078e+01,2.494507000000000119e+02,-6.060790999999999684e+01,-5.637206999999999635e-01,-7.835693000000000241e-01,2.674561000000000188e+00
-6.768798999999999921e+01,1.896972000000000094e+02,2.020262999999999920e+01,-5.714110999999999496e-01,-1.057495000000000074e+00,6.927489999999999482e-01
-6.787108999999999526e+01,1.859130999999999858e+02,6.933593999999999369e+01,-3.441161999999999832e-01,-4.871826000000000212e-01,1.644042999999999921e+00
-2.508545000000000158e+01,2.828978999999999928e+02,5.389403999999999684e+01,1.845702999999999927e-01,1.772460999999999898e-01,8.962402000000000424e-01
1.055907999999999980e+01,2.839966000000000008e+02,1.947021000000000157e+01,2.608642999999999934e-01,2.897949000000000219e-01,-3.222655999999999854e-01
1.531981999999999999e+01,2.100218999999999880e+02,-2.868651999999999980e+00,-5.786133000000000248e-02,-2.978516000000000150e-02,-1.442627000000000104e+00
2.532958999999999961e+01,1.204834000000000032e+02,7.934569999999999901e+00,-3.201903999999999861e-01,9.301758000000000248e-02,-2.289063000000000070e+00
6.103515000000000157e+01,-3.710938000000000159e+01,1.177978000000000058e+01,-2.928467000000000153e-01,2.586669999999999803e-01,-2.699950999999999990e+00
4.663085000000000235e+01,-2.203978999999999928e+02,4.882812999999999626e+00,8.178710999999999620e-02,1.492920000000000080e-01,-2.611571999999999782e+00
-4.577637000000000178e+00,-3.804320999999999913e+02,1.098632999999999971e+00,7.272948999999999664e-01,1.241455000000000058e-01,-2.154907000000000128e+00
-1.529541000000000111e+02,-5.704346000000000458e+02,-6.134033000000000158e+01,1.799072000000000005e+00,-3.066405999999999854e-01,1.691894999999999927e+00
-8.154295999999999367e+01,-3.496093000000000188e+02,-7.958983999999999526e+01,5.336914000000000380e-01,-1.906493999999999911e+00,3.999512000000000178e+00
-4.962158000000000158e+01,2.347411999999999921e+02,6.103514999999999802e+00,-6.416015999999999941e-01,-1.702393000000000045e+00,3.849120999999999793e+00
-7.263183999999999685e+01,2.668457000000000221e+02,6.408691000000000315e+01,-4.842528999999999861e-01,-1.324462999999999946e+00,1.013916000000000039e+00
2.209471999999999881e+01,2.352295000000000016e+02,1.297607000000000141e+02,-2.875977000000000117e-01,-9.169922000000000351e-01,1.192139000000000060e+00
5.053710000000000235e+01,2.521972000000000094e+02,1.109619000000000000e+02,1.086426000000000058e-01,5.261230000000000073e-01,6.738281000000000132e-02
5.743408000000000158e+01,2.127075000000000102e+02,5.364990000000000236e+01,8.911132999999999901e-03,4.813232000000000066e-01,-7.330322000000000227e-01
2.526855000000000118e+01,1.250610000000000070e+02,2.264404000000000039e+01,-2.117920000000000080e-01,4.008788999999999825e-01,-1.571045000000000025e+00
2.679442999999999842e+01,3.906250000000000000e+01,1.281738000000000044e+00,-3.674316000000000249e-01,4.492187999999999737e-01,-2.016846000000000139e+00
2.111815999999999960e+01,-1.001586999999999961e+02,-1.629638999999999882e+01,-3.544921999999999795e-01,4.218750000000000000e-01,-2.355103000000000169e+00
2.691649999999999920e+01,-2.519531000000000063e+02,-2.874756000000000000e+01,2.099608999999999850e-02,2.349854000000000109e-01,-1.964722000000000079e+00
2.600096999999999881e+01,-3.513183000000000220e+02,-3.314209000000000316e+01,4.658203000000000205e-01,8.142090000000000438e-02,-1.014281999999999906e+00
1.338500999999999976e+02,-3.986206000000000245e+02,-3.051757999999999971e-01,6.528319999999999679e-01,-5.954589999999999606e-01,3.031372000000000178e+00
-2.197265000000000157e+01,-1.201171999999999969e+02,-1.989745999999999881e+01,-3.046875000000000000e-01,-4.829102000000000117e-01,3.999512000000000178e+00
-1.086425999999999981e+01,1.672363000000000000e+02,-2.624511000000000038e+00,-1.033568999999999960e+00,-1.198730000000000073e+00,3.661010999999999793e+00
-2.514648000000000039e+01,2.202759000000000071e+02,4.119872999999999763e+01,-7.785644999999999927e-01,-7.108153999999999861e-01,1.237915000000000099e+00
-1.147461000000000020e+01,2.023315000000000055e+02,5.200195000000000078e+01,-5.771484000000000059e-01,1.047363000000000044e-01,1.227416999999999980e+00
6.591796000000000433e+00,2.593383999999999787e+02,1.702881000000000000e+01,-1.409912000000000110e-01,4.699707000000000190e-01,9.234618999999999467e-01
-9.338378999999999763e+00,2.721557999999999993e+02,-9.460449000000000552e+00,5.834961000000000314e-02,4.088134999999999963e-01,-2.459716999999999876e-01
1.873779000000000039e+01,1.987304000000000030e+02,-2.465820000000000078e+01,-6.103515999999999803e-03,1.185303000000000051e-01,-1.564208999999999961e+00
1.953125000000000000e+00,8.306883999999999446e+01,-8.483886999999999290e+00,-1.373291000000000095e-01,-2.592772999999999883e-01,-2.721068999999999960e+00
1.916504000000000119e+01,-1.828613000000000000e+02,3.717040999999999684e+01,6.665039000000000380e-02,4.187011999999999678e-02,-3.863402999999999921e+00
-2.197265999999999941e+00,-3.688964000000000283e+02,2.447510000000000119e+01,9.494628999999999985e-01,3.306884999999999963e-01,-2.263549999999999951e+00
-2.618408000000000158e+01,-4.821777000000000157e+02,-6.042480000000000295e+00,1.374633999999999912e+00,1.291503999999999985e-01,-4.219971000000000139e-01
-6.213378000000000156e+01,-4.257201999999999771e+02,-2.075195000000000078e+01,1.189087000000000005e+00,-3.499755999999999978e-01,3.717896000000000090e+00
-1.110840000000000032e+02,-1.416015999999999906e+02,-6.036375999999999920e+01,-3.808593999999999868e-02,-8.266601999999999562e-01,3.999512000000000178e+00
1.098633000000000060e+01,1.391602000000000032e+02,-1.751708999999999961e+01,-8.345947000000000227e-01,-1.697510000000000074e+00,3.289429000000000158e+00
-1.684570000000000078e+01,1.524658000000000015e+02,6.408691000000000315e+01,-6.800536999999999832e-01,-1.171508999999999912e+00,1.342162999999999995e+00
-1.641845999999999961e+01,1.493530000000000086e+02,8.605956000000000472e+01,-3.924560999999999744e-01,-1.191405999999999993e-01,1.700806000000000040e+00
