1.995850000000000080e+01,8.496093000000000472e+01,2.172240999999999929e+02,2.161499000000000059e+00,-3.999512000000000178e+00,-1.022216999999999931e+00
-6.347655999999999743e+00,-5.889891999999999683e+01,4.185179999999999723e+02,2.377686000000000188e+00,-2.372681000000000040e+00,-1.040283000000000069e+00
-1.452025999999999897e+02,-2.113036999999999921e+02,4.338378000000000156e+02,2.099975999999999843e+00,-1.660156000000000132e-01,4.602050999999999781e-01
-1.044311000000000007e+02,-2.388305000000000007e+02,4.685668000000000006e+02,1.758178999999999936e+00,1.935912999999999995e+00,2.622681000000000040e+00
1.315918000000000063e+02,2.014160000000000039e+01,2.080688000000000102e+02,1.934813999999999978e-01,3.998778999999999861e+00,3.356567000000000078e+00
-1.708984000000000059e+00,2.374267000000000039e+01,-3.059082000000000221e+02,6.479492000000000029e-01,3.998657000000000128e+00,1.236693999999999960e+00
-6.628418000000000632e+01,4.205322000000000315e+01,-5.103759000000000015e+02,1.930298000000000069e+00,2.203125000000000000e+00,1.673583999999999961e+00
-9.997557999999999367e+01,1.364746000000000095e+02,-6.061400999999999613e+02,3.272583000000000020e+00,-3.811034999999999839e-01,1.500121999999999955e+00
7.873535000000000394e+00,1.907958999999999889e+02,-5.403442000000000007e+02,3.666748000000000118e+00,-2.697509999999999852e+00,1.376220999999999917e+00
-9.362792000000000314e+01,2.233885999999999967e+02,-1.771239999999999952e+02,2.717896000000000090e+00,-3.999512000000000178e+00,6.469726999999999770e-03
4.248046000000000078e+01,8.044432999999999367e+01,2.734984999999999786e+02,2.348021999999999831e+00,-3.999512000000000178e+00,-1.417113999999999985e+00
-3.497314000000000078e+01,-1.468505999999999858e+02,5.026245000000000118e+02,2.799437999999999871e+00,-1.598389000000000060e+00,-8.912354000000000109e-01
-1.437988000000000000e+02,-3.444212999999999738e+02,6.021729000000000269e+02,2.905151000000000039e+00,7.556151999999999314e-02,1.067992999999999970e+00
8.026122999999999763e+01,-2.252196999999999889e+02,5.693359000000000378e+02,2.093872000000000178e+00,3.685547000000000128e+00,3.895507999999999971e+00
1.867676000000000158e+01,6.567382999999999527e+01,2.307129000000000119e+01,-2.066649999999999876e-01,3.998778999999999861e+00,2.096557999999999922e+00
2.832030999999999921e+01,1.708983999999999881e+01,-3.148804000000000087e+02,6.450194999999999679e-01,3.742919999999999803e+00,7.739257999999999971e-01
-4.486084000000000316e+01,2.709960999999999842e+01,-4.660033999999999992e+02,1.757689999999999975e+00,1.118285999999999891e+00,1.593506000000000089e+00
-8.660887999999999920e+01,7.073975000000000080e+01,-4.901732999999999834e+02,2.245239000000000207e+00,-1.322020999999999891e-01,1.144530999999999965e+00
7.934569999999999679e-01,9.057616000000000156e+01,-4.455566000000000031e+02,2.677124000000000059e+00,-1.801392000000000104e+00,1.220458999999999961e+00
-1.019287000000000063e+02,1.112670999999999992e+02,-1.754761000000000024e+02,2.346191000000000138e+00,-3.999512000000000178e+00,5.371093999999999868e-03
2.246094000000000079e+01,-1.995850000000000080e+01,2.288207999999999913e+02,2.147949000000000108e+00,-3.999512000000000178e+00,-1.034302000000000055e+00
-4.449461999999999762e+01,-2.121581999999999937e+02,4.727783000000000015e+02,2.858032000000000128e+00,-2.041138000000000119e+00,-3.909911999999999832e-01
-7.366943000000000552e+01,-2.878417999999999779e+02,5.422363000000000284e+02,2.976318000000000019e+00,-9.069823999999999664e-01,8.942871000000000015e-01
9.558105000000000473e+01,-2.188720000000000141e+02,6.280517999999999574e+02,2.833495999999999793e+00,2.574828999999999812e+00,3.542724999999999902e+00
1.878661999999999921e+02,6.207274999999999920e+01,3.291625000000000227e+02,4.826659999999999839e-01,3.998778999999999861e+00,2.353638000000000119e+00
1.293945000000000078e+01,5.163573999999999842e+01,-2.581177000000000135e+02,6.766356999999999511e-01,3.998778999999999861e+00,5.677489999999999482e-01
9.155271999999999366e+01,2.770995999999999881e+01,-5.120239000000000260e+02,2.156859999999999999e+00,2.042114000000000207e+00,1.359253000000000045e+00
1.971435999999999922e+01,5.169677000000000078e+01,-6.078491000000000213e+02,3.094971000000000139e+00,4.077147999999999883e-01,1.971924000000000010e+00
-1.168823000000000008e+02,1.653442000000000007e+02,-6.187133999999999787e+02,3.982666000000000039e+00,-2.336914000000000158e+00,1.479125999999999941e+00
-8.172606000000000392e+01,2.062377999999999929e+02,-2.943725999999999772e+02,2.827271000000000090e+00,-3.999512000000000178e+00,6.645507999999999971e-01
5.419921000000000078e+01,3.814697000000000315e+01,3.644408999999999992e+02,2.565796000000000188e+00,-3.944091999999999931e+00,-1.346557999999999922e+00
-4.931640000000000157e+01,-1.443480999999999881e+02,4.949340000000000259e+02,3.031982000000000177e+00,-1.602660999999999891e+00,-5.789794999999999803e-01
-1.469115999999999929e+02,-3.209229000000000269e+02,6.004027999999999565e+02,3.422241000000000088e+00,-8.114014000000000504e-01,7.691649999999999876e-01
2.380370999999999881e+01,-1.633300999999999874e+02,5.497436999999999898e+02,2.350220000000000198e+00,3.958007999999999971e+00,3.999512000000000178e+00
-6.652831999999999368e+01,1.065062999999999960e+02,5.883789000000000158e+01,2.674560999999999744e-01,3.998778999999999861e+00,2.795409999999999950e+00
-1.818847999999999843e+01,5.596923000000000314e+01,-3.724365000000000236e+02,1.153075999999999990e+00,3.488525000000000098e+00,1.169556000000000040e+00
1.088256999999999977e+02,7.702637000000000000e+01,-4.956664999999999850e+02,2.117675999999999892e+00,1.285522000000000054e+00,1.655396000000000090e+00
-5.187987999999999822e+00,1.110229000000000070e+02,-5.637206999999999653e+02,3.145141999999999882e+00,-7.147217000000000153e-01,1.670287999999999995e+00
-3.802490000000000236e+01,1.765135999999999967e+02,-4.364012999999999920e+02,3.308593999999999813e+00,-3.993041999999999980e+00,1.422241000000000088e+00
1.098632999999999971e+00,1.574706999999999937e+02,1.443480999999999881e+02,2.293944999999999901e+00,-3.999512000000000178e+00,-3.504638999999999949e-01
-2.355957000000000079e+01,-4.760741999999999763e+01,4.361571999999999889e+02,2.501342999999999872e+00,-1.960938000000000070e+00,-1.328978999999999910e+00
-1.514892999999999859e+02,-2.200927000000000078e+02,4.521483999999999810e+02,2.264892999999999823e+00,-8.032226999999999562e-01,-3.786621000000000015e-01
-9.075927000000000078e+01,-2.398680999999999983e+02,5.036009999999999991e+02,1.780272999999999994e+00,2.948119999999999852e+00,3.577148000000000216e+00
1.773680999999999983e+02,5.255125999999999920e+01,1.917724000000000046e+02,1.185303000000000051e-01,3.998778999999999861e+00,3.465209999999999901e+00
9.625243000000000393e+01,3.277588000000000079e+01,-3.157959000000000174e+02,7.834472999999999576e-01,3.998778999999999861e+00,8.001709000000000183e-01
-1.165770999999999979e+01,1.214598999999999940e+01,-5.654297000000000253e+02,2.572632000000000030e+00,1.661742999999999970e+00,2.189818999999999960e+00
-1.193237000000000023e+02,9.814451999999999998e+01,-6.250000000000000000e+02,3.416869999999999852e+00,-6.528319999999999679e-01,1.742431999999999981e+00
8.178710999999999842e+00,1.842041000000000111e+02,-4.363403000000000134e+02,3.335570999999999842e+00,-3.908812999999999871e+00,1.699219000000000035e+00
-6.463622999999999763e+01,1.827392000000000110e+02,-8.850096999999999525e+01,2.614014000000000060e+00,-3.999512000000000178e+00,-6.888427999999999773e-01
-2.301024999999999920e+01,-3.906250000000000000e+01,3.758543999999999983e+02,2.543334999999999901e+00,-3.680908000000000069e+00,-1.552856000000000014e+00
-1.334839000000000055e+02,-2.368773999999999944e+02,4.842529000000000110e+02,3.147460999999999842e+00,-2.037964000000000109e+00,-5.123290999999999817e-01
-1.749877999999999929e+02,-3.259277000000000157e+02,5.586548000000000229e+02,3.403931000000000040e+00,-5.214843999999999591e-01,2.103394000000000208e+00
5.065916999999999781e+00,-1.700439000000000078e+02,5.184936999999999898e+02,2.253540000000000099e+00,3.352416999999999980e+00,3.987182999999999922e+00
9.539794000000000551e+01,-8.422852000000000672e+00,2.451782000000000039e+02,5.014648000000000438e-01,3.998778999999999861e+00,3.135375999999999941e+00
1.855469000000000079e+01,5.114746000000000237e+01,-2.031250000000000000e+02,2.465819999999999956e-01,3.979735999999999940e+00,2.124756000000000089e+00
2.270507999999999882e+01,9.423826999999999998e+01,-3.901367000000000189e+02,1.232544000000000084e+00,2.099854000000000109e+00,1.711548000000000069e+00
2.282714999999999961e+01,1.091307999999999936e+02,-4.827269999999999754e+02,2.229248000000000118e+00,1.501464999999999918e-02,1.312133999999999912e+00
-3.845215000000000050e+00,1.240845000000000056e+02,-4.714354999999999905e+02,2.371215999999999990e+00,-1.889281999999999906e+00,1.427979000000000109e+00
4.498290999999999684e+01,2.086180999999999983e+02,-3.323974000000000046e+02,2.483642999999999823e+00,-3.503296000000000188e+00,1.465087999999999946e+00
-2.319335999999999842e+00,1.691283999999999992e+02,7.159423999999999921e+01,1.966796999999999906e+00,-3.999512000000000178e+00,-9.804688000000000292e-01
-9.704589999999999606e+00,-1.062012000000000000e+01,3.596800999999999817e+02,2.147339000000000109e+00,-3.528563999999999812e+00,-1.464599999999999902e+00
-1.206664999999999992e+02,-2.367553000000000054e+02,4.855957000000000221e+02,2.751221000000000139e+00,-1.253417999999999921e+00,-2.639159999999999839e-01
-1.459351000000000056e+02,-3.248290999999999826e+02,5.328979000000000497e+02,2.832031000000000187e+00,-4.174805000000000182e-02,1.539916999999999980e+00
4.351805999999999841e+01,-1.596680000000000064e+02,4.647826999999999771e+02,1.694824000000000108e+00,3.813721000000000139e+00,3.990234000000000059e+00
7.373046999999999684e+01,1.684570000000000078e+01,1.153563999999999936e+02,-1.794433999999999960e-02,3.998778999999999861e+00,2.320190000000000197e+00
1.690673999999999921e+01,3.320313000000000159e+01,-2.856444999999999936e+02,5.573730000000000073e-01,3.535766999999999882e+00,1.691162000000000054e+00
-2.276611000000000118e+01,7.025145999999999447e+01,-4.465332000000000221e+02,1.683227999999999946e+00,1.063720999999999917e+00,1.727295000000000025e+00
-6.079100999999999999e+01,1.068114999999999952e+02,-4.830321999999999889e+02,2.117431999999999981e+00,-2.644042999999999810e-01,1.432128999999999985e+00
-1.037598000000000020e+01,1.429442999999999984e+02,-4.257201999999999771e+02,2.338623000000000118e+00,-1.885010000000000074e+00,1.218383999999999912e+00
-3.790283000000000158e+01,1.782225999999999999e+02,-2.803344999999999914e+02,1.938965000000000050e+00,-3.720092999999999872e+00,1.009398999999999935e+00
1.281738000000000000e+01,1.452637000000000000e+02,9.844970000000000709e+01,1.517455999999999916e+00,-3.999023000000000216e+00,-7.203368999999999467e-01
2.899170000000000158e+01,2.221678999999999959e+01,3.317871000000000095e+02,1.769409000000000010e+00,-2.474609000000000059e+00,-1.045166000000000039e+00
-1.027831999999999937e+02,-1.803589000000000055e+02,4.152221000000000117e+02,2.058715999999999990e+00,-1.469481999999999955e+00,-4.960937999999999737e-01
-1.333008000000000095e+02,-2.916259999999999764e+02,4.973754000000000133e+02,2.261840999999999990e+00,-4.963378999999999985e-01,1.394165000000000099e+00
-2.874756000000000000e+01,-2.275389999999999873e+02,5.216675000000000182e+02,1.912476000000000065e+00,2.690796000000000188e+00,3.646484000000000059e+00
6.732178000000000395e+01,6.042479999999999762e+01,3.863524999999999920e+01,-9.338378999999999430e-02,3.998778999999999861e+00,2.398559999999999803e+00
-2.142333999999999961e+01,2.813720999999999961e+01,-2.744141000000000190e+02,5.086669999999999803e-01,3.487792999999999921e+00,1.049438000000000093e+00
1.934814000000000078e+01,3.588866999999999763e+01,-4.116209999999999809e+02,1.286987000000000103e+00,9.611815999999999693e-01,1.771362000000000103e+00
-1.098633000000000060e+01,1.060790999999999968e+02,-4.338378000000000156e+02,1.588622999999999896e+00,-4.674072000000000227e-01,1.567992999999999970e+00
-8.422852000000000672e+00,1.281738000000000000e+02,-3.971557000000000244e+02,1.758178999999999936e+00,-1.169189000000000034e+00,1.024048000000000069e+00
1.513672000000000040e+01,1.243285999999999945e+02,-2.902221999999999866e+02,1.740723000000000020e+00,-2.644531000000000187e+00,8.863524999999999876e-01
-2.728271000000000157e+01,1.256102999999999952e+02,-7.275391000000000474e+01,1.437866000000000088e+00,-3.999512000000000178e+00,2.507324000000000219e-01
6.280516999999999683e+01,2.215576000000000079e+01,3.068236999999999739e+02,1.715087999999999946e+00,-3.484131000000000089e+00,-7.215576000000000212e-01
-2.545166000000000039e+01,-1.148071000000000055e+02,4.085083000000000197e+02,1.986205999999999916e+00,-1.591064000000000034e+00,-7.696532999999999847e-01
-1.194458000000000055e+02,-2.791748000000000047e+02,4.674071999999999889e+02,1.866211000000000064e+00,6.555176000000000058e-02,1.127930000000000099e+00
1.348877000000000059e+01,-1.209106000000000023e+02,3.424071999999999889e+02,6.118164000000000380e-01,3.953368999999999911e+00,3.972534000000000010e+00
6.958007000000000275e+00,5.493164000000000158e+01,-3.204346000000000316e+01,-2.144774999999999876e-01,3.998778999999999861e+00,2.580687999999999871e+00
3.863524999999999920e+01,5.407713999999999999e+01,-3.569334999999999809e+02,9.538573999999999664e-01,2.579346000000000139e+00,1.017822000000000005e+00
5.731201000000000079e+01,3.948975000000000080e+01,-4.375000000000000000e+02,1.534424000000000010e+00,1.041382000000000030e+00,1.375731999999999955e+00
-3.271484000000000236e+01,7.879639000000000237e+01,-4.745482999999999834e+02,2.000243999999999911e+00,-4.594727000000000117e-01,1.460204999999999975e+00
-1.855469000000000079e+01,9.796142000000000394e+01,-4.336546999999999912e+02,2.248778999999999861e+00,-1.756836000000000064e+00,1.164550999999999892e+00
-8.184812999999999761e+01,1.270140999999999991e+02,-1.785278000000000134e+02,1.763671999999999906e+00,-3.999512000000000178e+00,7.746581999999999635e-01
7.043456999999999368e+01,5.749510999999999683e+01,2.191771999999999991e+02,1.550415000000000099e+00,-3.435424999999999951e+00,9.094238000000000322e-02
-6.713867000000000029e-01,2.136229999999999851e+00,3.164062999999999874e+02,1.648193000000000019e+00,-1.881714000000000109e+00,1.020507999999999971e-01
-1.384887999999999977e+02,-1.135254000000000048e+02,4.162597000000000094e+02,1.794189000000000034e+00,-1.384520999999999891e+00,4.112548999999999788e-01
-1.441649999999999920e+02,-2.005004999999999882e+02,5.191649999999999636e+02,2.147460999999999842e+00,-2.169188999999999978e-01,1.308227999999999946e+00
5.639647999999999683e+01,-1.038208000000000055e+02,4.653319999999999936e+02,1.383788999999999936e+00,3.667724999999999902e+00,3.357788000000000217e+00
5.749510999999999683e+01,6.677245999999999526e+01,1.167601999999999975e+02,1.220703000000000066e-03,3.998778999999999861e+00,1.658935999999999966e+00
-6.225584999999999702e+00,5.523680999999999841e+01,-2.709350999999999772e+02,6.036377000000000548e-01,3.407103999999999910e+00,6.324463000000000168e-01
8.972167999999999921e+00,3.222655999999999921e+01,-3.999633000000000038e+02,1.260010000000000074e+00,1.290283000000000069e+00,9.420165999999999817e-01
1.916504000000000119e+01,2.648926000000000158e+01,-4.620971000000000117e+02,1.792724999999999902e+00,4.820556999999999759e-01,1.213257000000000030e+00
-4.827879999999999683e+01,7.171630999999999290e+01,-5.108641999999999825e+02,2.520264000000000060e+00,-1.325561999999999907e+00,1.716552999999999995e+00
-4.956054000000000315e+01,1.658325000000000102e+02,-3.848265999999999849e+02,2.457641999999999882e+00,-3.877686000000000188e+00,1.585449000000000108e+00
3.979491999999999763e+01,1.195678999999999945e+02,1.673583999999999889e+02,1.846802000000000055e+00,-3.999512000000000178e+00,-8.953856999999999511e-01
-1.831055000000000099e+00,-4.040527000000000157e+01,3.655394999999999754e+02,2.220458999999999961e+00,-2.109131000000000089e+00,-1.121825999999999990e+00
-1.321410999999999945e+02,-2.618408000000000015e+02,4.451293000000000006e+02,2.406372000000000178e+00,-1.360228999999999910e+00,2.078857000000000066e-01
-9.790037999999999840e+01,-2.868652000000000157e+02,5.784302000000000135e+02,2.496338000000000168e+00,1.297728999999999910e+00,3.227904999999999802e+00
9.692382000000000630e+01,-3.045654000000000039e+01,3.460083000000000197e+02,6.788330000000000197e-01,3.998657000000000128e+00,3.999512000000000178e+00
1.186522999999999968e+02,1.232909999999999968e+02,-2.119750999999999976e+02,3.378905999999999854e-01,3.998778999999999861e+00,1.438598999999999961e+00
1.305542000000000087e+02,8.953856000000000392e+01,-4.125975999999999999e+02,1.239379999999999926e+00,2.531250000000000000e+00,1.212158000000000069e+00
1.959228999999999843e+01,7.141113000000000000e+01,-5.066528000000000134e+02,1.953734999999999999e+00,3.499755999999999978e-01,9.981689000000000256e-01
-2.526855000000000118e+01,5.511473999999999762e+01,-4.968872000000000071e+02,2.214478000000000169e+00,-2.564086999999999783e+00,1.529662999999999995e+00
3.479003999999999763e+01,1.394043000000000063e+02,-2.025757000000000119e+02,1.818237000000000103e+00,-3.999512000000000178e+00,1.506104000000000109e+00
2.722167999999999921e+01,4.132079999999999842e+01,2.128906000000000063e+02,1.849976000000000065e+00,-3.966918999999999862e+00,-5.927734000000000059e-01
-4.937744000000000000e+01,-8.258056000000000552e+01,3.515013999999999896e+02,2.054931999999999981e+00,-2.737792999999999921e+00,-1.434325999999999934e-01
-1.099243000000000023e+02,-1.657103999999999928e+02,4.908446999999999889e+02,2.574097000000000079e+00,-1.496947999999999945e+00,7.622069999999999679e-01
-1.140137000000000000e+02,-2.092284999999999968e+02,5.872803000000000111e+02,2.871948000000000167e+00,2.259520999999999891e-01,1.327758999999999912e+00
1.176757999999999953e+02,-1.179809000000000054e+02,4.562377000000000180e+02,1.633788999999999936e+00,3.998291000000000039e+00,3.536865000000000148e+00
6.848144999999999527e+01,4.357909999999999684e+01,-1.553954999999999984e+02,2.999267999999999934e-01,3.998778999999999861e+00,1.103393999999999986e+00
3.314209000000000316e+01,-1.464844000000000079e+01,-4.036865000000000236e+02,1.221802000000000055e+00,3.729858000000000118e+00,1.115234000000000059e+00
-6.390379999999999683e+01,4.827879999999999683e+01,-5.737305000000000064e+02,2.347656000000000187e+00,1.361328000000000094e+00,1.901000999999999941e+00
-2.331542999999999921e+01,1.132811999999999983e+02,-6.128540000000000418e+02,3.231078999999999812e+00,-7.546386999999999956e-01,1.418090999999999990e+00
-9.350584999999999525e+01,1.476440000000000055e+02,-2.755126999999999953e+02,2.806519000000000208e+00,-3.999512000000000178e+00,8.776855000000000073e-01
1.568603000000000058e+01,3.515625000000000000e+01,2.871703999999999724e+02,2.936278999999999861e+00,-3.999512000000000178e+00,-3.395996000000000015e-01
-9.863280000000000314e+01,-1.284180000000000064e+02,5.237427000000000135e+02,3.415039000000000158e+00,-1.828856999999999955e+00,-1.671142999999999934e-01
-1.792601999999999975e+02,-2.489012999999999920e+02,5.769043000000000347e+02,2.991210999999999842e+00,6.530761999999999956e-01,1.592529000000000083e+00
-1.794434000000000040e+01,-1.612548999999999921e+02,5.200194999999999936e+02,1.933715999999999990e+00,3.793700999999999990e+00,3.694091999999999931e+00
7.293701000000000079e+01,8.349608000000000629e+01,-1.007080000000000020e+01,1.507567999999999964e-01,3.998778999999999861e+00,1.389037999999999995e+00
4.669189000000000078e+01,-2.014159999999999950e+00,-2.653197999999999865e+02,6.118164000000000380e-01,3.587769000000000208e+00,7.812500000000000000e-02
7.653808999999999685e+01,-7.342529000000000394e+01,-4.171141999999999825e+02,1.378540000000000099e+00,1.760863999999999985e+00,1.486815999999999915e+00
-4.388427000000000078e+01,-3.002928999999999959e+01,-5.242309999999999945e+02,2.187866000000000088e+00,5.207519999999999927e-01,2.399535999999999891e+00
-9.112547999999999604e+01,1.498412999999999897e+02,-5.612793000000000347e+02,3.166748000000000118e+00,-2.982543999999999862e+00,2.482543999999999862e+00
2.288817999999999842e+01,2.160033999999999992e+02,4.614256999999999920e+01,2.033568999999999960e+00,-3.999512000000000178e+00,2.478026999999999869e-01
4.772948999999999842e+01,1.028442000000000007e+02,3.804931000000000267e+02,2.285400000000000098e+00,-3.269165000000000099e+00,-9.197997999999999452e-01
-1.226807000000000016e+02,-1.380004999999999882e+02,3.953856999999999857e+02,2.035766999999999882e+00,-6.954346000000000139e-01,-5.905761999999999956e-01
-1.877441000000000031e+02,-2.283325000000000102e+02,3.876952999999999747e+02,1.696655000000000024e+00,-3.222655999999999854e-01,1.123291000000000039e+00
-7.073975000000000080e+01,-1.497803000000000111e+02,4.166259000000000015e+02,1.181273999999999935e+00,2.090332000000000079e+00,3.035156000000000187e+00
7.910156000000000631e+01,9.338378999999999763e+00,2.500610000000000070e+02,3.792725000000000124e-01,3.997192000000000078e+00,2.616576999999999931e+00
4.388427000000000078e+01,3.320313000000000159e+01,-1.197510000000000048e+02,1.673583999999999905e-01,3.998778999999999861e+00,9.323730000000000073e-01
-1.934814000000000078e+01,4.455566000000000138e+00,-4.119873000000000047e+02,1.279174999999999951e+00,2.485107000000000177e+00,1.364257999999999971e+00
-6.646729000000000553e+01,4.205322000000000315e+01,-5.037841000000000236e+02,2.062133999999999912e+00,7.084960999999999620e-01,1.574340999999999990e+00
-2.819823999999999842e+01,1.170653999999999968e+02,-4.901123000000000047e+02,2.364014000000000060e+00,-1.331909000000000010e+00,1.434936999999999907e+00
4.199217999999999762e+01,1.560669000000000040e+02,-3.553466000000000236e+02,2.119994999999999852e+00,-3.501465000000000050e+00,1.378540000000000099e+00
2.130126999999999882e+01,1.388549999999999898e+02,-2.954100999999999999e+01,1.821898999999999935e+00,-3.999512000000000178e+00,-6.396483999999999503e-02
3.918457000000000079e+01,3.100585999999999842e+01,1.884764999999999873e+02,1.800780999999999965e+00,-3.951903999999999861e+00,4.150390999999999803e-03
-2.850341999999999842e+01,-3.485106999999999999e+01,4.067382000000000062e+02,2.118651999999999980e+00,-3.003784000000000010e+00,3.345947000000000227e-01
-1.378173999999999921e+02,-1.356811999999999898e+02,5.410155999999999494e+02,2.622192000000000078e+00,-7.464600000000000124e-01,7.906493999999999467e-01
-6.927490000000000236e+01,-1.794432999999999936e+02,6.000366000000000213e+02,2.757690000000000197e+00,1.664306999999999981e+00,2.587769000000000208e+00
1.646727999999999952e+02,1.104125999999999976e+02,3.421630000000000109e+02,1.258666999999999980e+00,3.998778999999999861e+00,2.360596000000000139e+00
5.688475999999999999e+01,6.506347999999999843e+01,-9.033203000000000316e+00,5.511475000000000124e-01,3.998778999999999861e+00,-3.709717000000000153e-01
3.723144000000000009e+00,-7.287597999999999843e+01,-3.340453999999999724e+02,9.967040999999999817e-01,3.082520000000000149e+00,5.056152000000000424e-01
-2.978515000000000157e+01,-6.536865000000000236e+01,-4.478149000000000228e+02,1.683959999999999901e+00,8.605956999999999635e-01,1.119750999999999941e+00
-3.619384999999999764e+01,-2.874756000000000000e+01,-4.923706000000000245e+02,1.990112000000000103e+00,-2.658691000000000249e-01,1.306640999999999941e+00
2.410887999999999920e+01,4.479979999999999762e+01,-4.662475000000000023e+02,2.238770000000000149e+00,-2.978638000000000119e+00,2.577881000000000089e+00
-1.617432000000000158e+01,1.646117999999999881e+02,-1.694336000000000126e+02,1.756104000000000109e+00,-3.999512000000000178e+00,1.725829999999999975e+00
1.556395999999999979e+01,6.988524999999999920e+01,2.857056000000000040e+02,1.703491000000000088e+00,-3.811646000000000090e+00,-4.304199000000000219e-01
-7.250977000000000317e+01,-7.397460999999999842e+01,4.021605999999999881e+02,1.837890999999999941e+00,-1.824219000000000035e+00,-2.720947000000000227e-01
-1.367797999999999945e+02,-1.481322999999999865e+02,4.418944999999999936e+02,1.755492999999999970e+00,3.222656000000000132e-02,1.382324000000000108e+00
-1.965332000000000079e+01,-5.627441000000000315e+01,3.970946999999999889e+02,1.127075000000000049e+00,2.867554000000000158e+00,2.191161999999999832e+00
6.909180000000000632e+01,2.117920000000000158e+01,1.972045999999999992e+02,3.914794999999999803e-01,3.998778999999999861e+00,1.563109999999999999e+00
-1.538086000000000020e+01,2.868651999999999980e+00,-1.455688000000000102e+02,2.687988000000000044e-01,3.993529999999999802e+00,9.013672000000000351e-01
2.014160000000000039e+01,-1.239014000000000060e+01,-3.187255999999999858e+02,8.220214999999999606e-01,3.159790000000000099e+00,1.433594000000000035e+00
2.862548999999999921e+01,3.814697000000000315e+01,-4.937744000000000142e+02,1.820556999999999981e+00,1.362305000000000099e+00,1.989502000000000104e+00
1.574707000000000079e+01,8.898924999999999841e+01,-5.375366000000000213e+02,2.250609999999999999e+00,-1.207275000000000015e-01,1.716919000000000084e+00
8.178709999999999525e+01,1.458739999999999952e+02,-4.757690000000000055e+02,2.684569999999999901e+00,-2.038695999999999842e+00,1.931885000000000074e+00
4.272460999999999842e+00,2.078857000000000141e+02,-2.172240999999999929e+02,2.479735999999999940e+00,-3.999512000000000178e+00,5.633544999999999803e-01
3.930664000000000158e+01,8.056640000000000157e+01,2.264404000000000110e+02,2.130005000000000148e+00,-3.999512000000000178e+00,-1.087523999999999935e+00
-8.648681000000000552e+01,-1.827392000000000110e+02,4.627074999999999818e+02,2.602904999999999802e+00,-1.695313000000000070e+00,-4.771729000000000109e-01
-1.706543000000000063e+02,-2.775878999999999905e+02,4.919433000000000220e+02,2.585449000000000108e+00,-6.065673999999999788e-01,1.459961000000000064e+00
-1.141356999999999999e+02,-2.207031000000000063e+02,5.895996000000000095e+02,2.519652999999999921e+00,1.795166000000000039e+00,3.222656000000000187e+00
1.456908999999999992e+02,-2.819823999999999842e+01,4.291992000000000189e+02,1.299315999999999915e+00,3.998657000000000128e+00,3.384765999999999941e+00
2.331542999999999921e+01,3.155517000000000039e+01,-1.334228999999999985e+02,2.072753999999999985e-01,3.998778999999999861e+00,8.060302999999999773e-01
-9.887695000000000789e+00,-1.757813000000000159e+01,-4.010620000000000118e+02,1.219848999999999961e+00,2.002318999999999960e+00,9.747314000000000256e-01
-4.302978000000000236e+01,8.666992000000000473e+00,-4.641723000000000070e+02,1.768677000000000055e+00,4.686278999999999861e-01,1.309569999999999901e+00
-3.070067999999999842e+01,6.231689000000000078e+01,-4.473265999999999849e+02,1.971068999999999960e+00,-1.909180000000000099e+00,1.603270999999999891e+00
3.363036999999999921e+01,1.260986000000000047e+02,-2.705077999999999747e+02,1.692992999999999970e+00,-3.948729999999999851e+00,1.642090000000000050e+00
2.575683000000000078e+01,1.114501999999999953e+02,1.193237000000000023e+02,1.467162999999999995e+00,-3.999512000000000178e+00,6.835937999999999737e-03
-2.935791000000000039e+01,-9.704589999999999606e+00,3.016356999999999857e+02,1.558472000000000079e+00,-2.940307999999999922e+00,-3.282471000000000139e-01
-1.308593999999999937e+02,-1.429442999999999984e+02,4.068602999999999952e+02,1.903442000000000078e+00,-1.311156999999999906e+00,7.462157999999999847e-01
-1.304932000000000016e+02,-1.445922999999999945e+02,4.713745000000000118e+02,1.910522000000000054e+00,2.513427999999999773e-01,2.095946999999999782e+00
-4.333496000000000237e+00,-7.409668000000000632e+01,4.539184000000000196e+02,1.686401000000000039e+00,3.040894000000000208e+00,2.705687999999999871e+00
1.039428999999999945e+02,4.370116999999999763e+01,1.548462000000000103e+02,5.455322000000000227e-01,3.998778999999999861e+00,1.673583999999999961e+00
3.167724000000000117e+01,2.404785000000000039e+01,-1.810303000000000111e+02,5.258789000000000380e-01,3.998778999999999861e+00,8.765868999999999467e-01
3.601074000000000108e+00,5.249023000000000216e+00,-4.487914999999999850e+02,1.619872999999999896e+00,1.966919000000000084e+00,1.163208000000000020e+00
-3.356933000000000167e+00,3.405762000000000000e+01,-5.125122000000000071e+02,2.234008999999999912e+00,3.100585999999999967e-02,1.338012999999999897e+00
-3.088379000000000119e+01,6.909180000000000632e+01,-5.134887999999999693e+02,2.355468999999999813e+00,-1.146606000000000014e+00,1.400757000000000030e+00
3.009033000000000158e+01,1.614989999999999952e+02,-3.886718000000000188e+02,2.370239000000000207e+00,-3.779663000000000217e+00,1.639893000000000045e+00
-3.167724000000000117e+01,1.617430999999999983e+02,-8.123778000000000077e+01,1.894409000000000010e+00,-3.999512000000000178e+00,-2.414551000000000058e-01
-8.850097999999999132e+00,-5.999754999999999683e+01,3.316650000000000205e+02,1.999511999999999956e+00,-3.562866000000000088e+00,-1.049315999999999915e+00
-8.569334999999999525e+01,-1.906127999999999929e+02,4.449461999999999762e+02,2.456299000000000010e+00,-1.742675999999999892e+00,-1.806641000000000150e-02
-1.212767999999999944e+02,-2.898559999999999945e+02,5.824584999999999582e+02,3.055298000000000069e+00,-3.983153999999999861e-01,1.488769999999999927e+00
1.235350999999999999e+02,-2.032470000000000141e+02,6.369018999999999551e+02,2.393187999999999871e+00,3.997803000000000218e+00,3.999267999999999823e+00
1.160277999999999992e+02,9.246824999999999761e+01,5.664061999999999841e+01,8.022460999999999620e-01,3.998778999999999861e+00,1.256348000000000020e+00
-5.950927000000000078e+01,-4.223631999999999920e+01,-3.479614000000000260e+02,1.246094000000000035e+00,3.658936000000000188e+00,5.240479000000000109e-01
-1.464844000000000035e+00,-3.979491999999999763e+01,-5.128784000000000560e+02,2.010619999999999852e+00,1.657958999999999961e+00,1.360962000000000005e+00
-8.795165000000000077e+01,6.402588000000000079e+01,-6.661986000000000558e+02,3.351195999999999842e+00,-6.351318000000000241e-01,2.180785999999999891e+00
-3.399658000000000158e+01,2.014159999999999968e+02,-5.996703999999999724e+02,3.771361999999999881e+00,-3.817016999999999882e+00,1.662719999999999976e+00
4.125975999999999999e+01,1.372069999999999936e+02,2.246094000000000079e+01,1.898925999999999892e+00,-3.999512000000000178e+00,-8.072510000000000518e-01
-2.349852999999999881e+01,-6.378173000000000314e+01,3.237303999999999746e+02,1.750977000000000006e+00,-2.260375999999999941e+00,-3.072509999999999963e-01
-8.184812999999999761e+01,-1.227416999999999945e+02,3.662719000000000165e+02,1.792724999999999902e+00,-1.192871000000000015e+00,6.914063000000000292e-01
-1.224975000000000023e+02,-1.632079999999999984e+02,4.652708999999999833e+02,1.924315999999999915e+00,-1.124267999999999934e-01,1.544921999999999906e+00
-1.812744000000000000e+01,-1.422119000000000142e+02,5.040283000000000015e+02,1.835938000000000070e+00,2.731688999999999812e+00,2.712769000000000208e+00
1.047973999999999961e+02,5.065917000000000314e+01,1.701049999999999898e+02,3.240967000000000153e-01,3.998778999999999861e+00,2.105224999999999902e+00
2.392577999999999960e+01,2.941893999999999920e+01,-1.648558999999999912e+02,3.670653999999999861e-01,3.998534999999999950e+00,5.839843999999999591e-01
-7.690428999999999959e+00,-7.751464000000000354e+00,-3.986206000000000245e+02,1.363037000000000054e+00,1.776610999999999940e+00,1.279174999999999951e+00
-7.482909999999999684e+01,5.639647999999999683e+01,-4.528197999999999865e+02,1.892212000000000005e+00,-1.510009999999999963e-01,1.392700000000000049e+00
-1.055907999999999980e+01,8.361814999999999998e+01,-4.041748000000000047e+02,1.766234999999999999e+00,-1.232299999999999951e+00,9.653319999999999679e-01
-1.647948999999999842e+01,8.642576999999999998e+01,-2.973022000000000276e+02,1.764159999999999950e+00,-2.751098999999999961e+00,1.155883999999999912e+00
-6.170653999999999684e+01,9.265135999999999683e+01,-1.592407000000000039e+02,1.708252000000000104e+00,-3.933349999999999902e+00,3.261719000000000146e-01
-6.042480000000000295e+00,2.850341999999999842e+01,1.519774999999999920e+02,1.331299000000000010e+00,-3.937866000000000088e+00,-1.369628999999999985e-01
-7.714843999999999369e+01,-8.087157000000000551e+01,3.198242000000000189e+02,1.575684000000000085e+00,-2.645264000000000060e+00,-1.805420000000000080e-01
-1.174926999999999992e+02,-1.818237000000000023e+02,4.515991000000000213e+02,2.049926999999999833e+00,-1.069579999999999975e+00,9.415282999999999847e-01
-8.801269000000000631e+01,-1.867065000000000055e+02,5.791015999999999622e+02,2.313109999999999999e+00,2.494019000000000208e+00,2.833861999999999881e+00
1.483764999999999930e+02,1.611327999999999960e+01,3.053589000000000055e+02,7.270507999999999971e-01,3.998778999999999861e+00,3.572754000000000207e+00
3.967284999999999950e+00,5.230711999999999762e+01,-2.576904000000000110e+02,6.127930000000000321e-01,3.965453999999999812e+00,4.085693000000000241e-01
-1.770019000000000009e+00,-1.708983999999999881e+01,-4.090575999999999794e+02,1.268920999999999966e+00,1.833739999999999926e+00,5.170898000000000438e-01
2.008055999999999841e+01,-6.774901999999999980e+00,-4.989624000000000024e+02,1.997436999999999907e+00,1.839600000000000124e-01,1.434814000000000034e+00
5.389403999999999684e+01,6.561279000000000394e+01,-5.429076999999999771e+02,2.770141999999999882e+00,-2.597411999999999832e+00,2.723999000000000059e+00
-1.641845999999999961e+01,1.829223000000000070e+02,-1.822510000000000048e+02,2.619873000000000118e+00,-3.999512000000000178e+00,5.692139000000000504e-01
-1.928710999999999842e+01,-2.764892000000000039e+01,3.794554999999999723e+02,2.629271999999999831e+00,-3.818970000000000198e+00,-9.211426000000000336e-01
-1.013794000000000040e+02,-1.322632000000000119e+02,4.703978999999999928e+02,2.881470000000000198e+00,-1.283568999999999960e+00,6.005859000000000059e-01
-8.172606000000000392e+01,-1.260375999999999976e+02,4.919433000000000220e+02,2.681151999999999980e+00,9.206543000000000365e-01,1.501343000000000094e+00
-2.868651999999999980e+00,-1.221312999999999960e+02,4.898070999999999913e+02,2.012694999999999901e+00,3.308349999999999902e+00,2.031493999999999911e+00
1.089476999999999975e+02,-9.704589999999999606e+00,2.467650999999999897e+02,5.057372999999999452e-01,3.998778999999999861e+00,2.202758999999999912e+00
1.128539999999999992e+02,1.873779000000000039e+01,-2.172850999999999999e+01,2.178954999999999920e-01,3.998778999999999861e+00,9.697265999999999941e-01
6.854247999999999763e+01,-2.410887999999999920e+01,-3.339843000000000188e+02,1.185912999999999995e+00,3.092896000000000090e+00,1.235473999999999961e+00
-7.647705000000000553e+01,1.007080000000000020e+01,-5.054320999999999913e+02,2.219726999999999784e+00,9.138184000000000307e-01,1.392090000000000050e+00
-8.581542000000000314e+01,4.821777000000000157e+01,-5.893555000000000064e+02,3.094237999999999822e+00,-3.345947000000000227e-01,1.686890000000000001e+00
-1.068114999999999952e+02,2.258910999999999945e+02,-6.047974000000000387e+02,3.998778999999999861e+00,-3.562866000000000088e+00,1.928101000000000065e+00
-2.648926000000000158e+01,2.605591000000000008e+02,-2.336425999999999874e+02,3.111450000000000049e+00,-3.999512000000000178e+00,-3.972167999999999810e-01
-1.354979999999999940e+01,-6.152342999999999762e+01,3.959350000000000023e+02,2.562133999999999912e+00,-3.818480999999999792e+00,-1.944091999999999931e+00
-1.177368000000000023e+02,-2.792357999999999834e+02,5.466919000000000324e+02,3.503784000000000010e+00,-1.536011000000000015e+00,-5.468750000000000000e-01
-1.429442999999999984e+02,-4.406127000000000180e+02,7.315673000000000457e+02,3.998778999999999861e+00,-7.416992000000000029e-01,2.241089000000000109e+00
1.880492999999999881e+02,-1.284180000000000064e+02,7.284545000000000528e+02,3.682494999999999852e+00,3.995360999999999940e+00,3.999512000000000178e+00
1.375732000000000141e+02,9.985350999999999999e+01,2.144774999999999920e+02,1.023314999999999975e+00,3.998778999999999861e+00,1.567627000000000104e+00
-4.760741999999999763e+01,6.103515000000000329e-02,-3.248290999999999826e+02,1.005492999999999970e+00,3.870239000000000207e+00,1.073120000000000074e+00
-5.163573999999999842e+01,4.064941000000000315e+01,-4.990233999999999810e+02,1.876465000000000050e+00,1.654052999999999995e+00,1.197143999999999986e+00
-4.656981999999999999e+01,7.977294999999999447e+01,-5.878905999999999494e+02,2.706176999999999833e+00,-8.459473000000000686e-02,9.515381000000000533e-01
3.692627000000000237e+01,1.095580999999999960e+02,-6.213989000000000260e+02,3.765381000000000089e+00,-1.979370000000000074e+00,1.947265999999999941e+00
-1.315918000000000063e+02,2.263794000000000040e+02,-4.373168000000000006e+02,3.209595000000000198e+00,-3.999146000000000090e+00,7.586669999999999803e-01
2.874756000000000000e+01,5.114746000000000237e+01,2.703247000000000071e+02,1.995605000000000073e+00,-3.999512000000000178e+00,-1.059692000000000078e+00
-2.496338000000000079e+01,-9.320067000000000235e+01,4.942626000000000204e+02,2.673706000000000138e+00,-2.130126999999999882e+00,-5.000000000000000000e-01
-4.431152000000000157e+01,-2.076416000000000111e+02,6.149292000000000371e+02,2.758666999999999980e+00,-1.434325999999999934e-01,1.482666000000000039e+00
1.436157000000000039e+02,-6.201171000000000078e+01,5.710448999999999842e+02,1.902344000000000035e+00,3.769042999999999921e+00,3.174805000000000099e+00
1.004027999999999992e+02,5.236816000000000315e+01,2.667236000000000118e+01,5.358886999999999678e-02,3.998778999999999861e+00,1.672363000000000044e-01
2.917480000000000118e+01,-2.587890000000000157e+01,-2.807617000000000189e+02,7.750243999999999467e-01,3.405151000000000039e+00,8.873290999999999817e-01
3.771972999999999843e+01,-9.826660000000000394e+00,-4.500731999999999857e+02,1.528931000000000040e+00,1.448974999999999902e+00,1.012450999999999990e+00
-6.585693000000000552e+01,-1.190184999999999960e+01,-5.228270999999999731e+02,2.300659000000000010e+00,-3.903808999999999751e-01,1.178954999999999975e+00
-2.239989999999999881e+01,3.253173999999999921e+01,-5.317993000000000166e+02,2.935913000000000217e+00,-1.709961000000000064e+00,1.834961000000000064e+00
-1.178589000000000055e+02,1.660766000000000133e+02,-3.397826999999999771e+02,2.928833000000000020e+00,-3.999512000000000178e+00,1.382324000000000108e+00
-6.048584000000000316e+01,6.903076000000000079e+01,1.657103999999999928e+02,2.160889000000000060e+00,-3.999512000000000178e+00,-9.561768000000000489e-01
-9.887694000000000472e+01,-1.955566000000000031e+02,5.332030999999999494e+02,3.409424000000000010e+00,-2.226440000000000197e+00,-5.460205000000000197e-01
-1.715697999999999865e+02,-3.347778000000000134e+02,6.423949999999999818e+02,3.998657000000000128e+00,-3.664550999999999781e-01,1.588257000000000030e+00
-5.633543999999999841e+01,-2.991333000000000197e+02,7.415770999999999731e+02,3.924926999999999833e+00,3.408812999999999871e+00,3.897583000000000020e+00
3.417968999999999813e+00,5.187988000000000000e+01,1.662597000000000094e+02,4.816894999999999927e-01,3.998778999999999861e+00,3.612426999999999833e+00
5.792235999999999763e+01,7.788085999999999842e+01,-2.766723999999999819e+02,7.983398000000000438e-01,3.998413000000000217e+00,9.788818000000000241e-01
1.340942000000000007e+02,7.324218000000000117e+00,-4.839476999999999975e+02,2.057250999999999941e+00,1.790770999999999891e+00,1.410644999999999927e+00
2.960204999999999842e+01,2.709960999999999842e+01,-5.750732000000000426e+02,2.930419999999999803e+00,6.870117000000000029e-01,1.727295000000000025e+00
-1.414795000000000016e+02,9.692382000000000630e+01,-6.389770999999999503e+02,3.718750000000000000e+00,-1.354125999999999941e+00,1.581055000000000099e+00
-2.471923999999999921e+01,2.125853999999999928e+02,-5.358886999999999716e+02,3.933104999999999851e+00,-3.558228000000000169e+00,1.790405000000000024e+00
-8.685302000000000078e+01,2.629395000000000095e+02,-1.941528000000000134e+02,3.036865000000000148e+00,-3.999512000000000178e+00,-3.571776999999999869e-01
-2.899170000000000158e+01,-1.971435999999999922e+01,3.408813000000000102e+02,2.597167999999999921e+00,-3.969237999999999822e+00,-1.757689999999999975e+00
-8.770750999999999920e+01,-2.275389999999999873e+02,5.370483000000000402e+02,3.568970000000000198e+00,-2.169556000000000040e+00,-7.120360999999999496e-01
-1.166381999999999977e+02,-3.489990000000000236e+02,6.480102000000000544e+02,3.998778999999999861e+00,-3.997802999999999773e-01,1.682495000000000074e+00
-6.427002000000000237e+01,-3.104857999999999834e+02,6.997069000000000187e+02,3.996703999999999812e+00,1.663451999999999931e+00,3.264038000000000217e+00
6.127929000000000315e+01,-7.470703000000000316e+01,4.216918000000000006e+02,1.521239999999999926e+00,3.998778999999999861e+00,3.950438999999999812e+00
1.016235000000000070e+02,7.879639000000000237e+01,-6.555176000000000158e+01,3.389892999999999934e-01,3.998778999999999861e+00,2.276244999999999852e+00
1.005249000000000024e+02,6.622314000000000078e+01,-3.664549999999999841e+02,1.400390999999999941e+00,3.860840000000000050e+00,9.046631000000000533e-01
9.265135999999999683e+01,3.881835999999999842e+01,-5.474243000000000166e+02,2.754882999999999971e+00,1.739989999999999926e+00,1.807372999999999896e+00
7.507323999999999664e+00,7.867431999999999448e+01,-6.277465999999999440e+02,3.597167999999999921e+00,6.363524999999999876e-01,1.697143999999999986e+00
-6.286621000000000237e+00,1.160277999999999992e+02,-6.605223999999999478e+02,3.998534999999999950e+00,-1.531250000000000000e+00,1.787719999999999976e+00
-3.295898000000000216e+00,2.010498000000000047e+02,-5.117187000000000126e+02,3.746338000000000168e+00,-3.644409000000000010e+00,1.891478999999999910e+00
-5.249023000000000216e+00,2.211303000000000054e+02,-1.758422999999999945e+02,3.017700000000000049e+00,-3.999512000000000178e+00,-1.557617000000000029e-01
-5.065917000000000314e+01,-1.300048999999999921e+01,2.114867999999999881e+02,2.561890000000000001e+00,-3.966918999999999862e+00,-1.312621999999999955e+00
-9.765623999999999683e+01,-1.853637999999999977e+02,3.941650000000000205e+02,3.007445999999999842e+00,-2.627807999999999922e+00,-1.635742000000000029e-01
-1.221312999999999960e+02,-2.753906000000000063e+02,5.501708999999999605e+02,3.861206000000000138e+00,-1.364379999999999926e+00,1.275268999999999986e+00
-9.521483000000000629e+01,-2.760009999999999764e+02,6.273804000000000087e+02,3.998778999999999861e+00,-2.291259999999999963e-01,2.040770999999999891e+00
-1.072387999999999977e+02,-2.553711000000000126e+02,6.362915000000000418e+02,3.909667999999999921e+00,2.170653999999999861e+00,3.281372000000000178e+00
-3.192137999999999920e+01,-1.396484000000000094e+02,4.674071999999999889e+02,2.239990000000000148e+00,3.998534999999999950e+00,3.772216999999999931e+00
-9.582520000000000593e+00,7.385252999999999624e+00,1.405029000000000110e+02,4.743651999999999869e-01,3.998778999999999861e+00,3.284911999999999832e+00
9.106444000000000472e+01,1.013794000000000040e+02,-2.655640000000000214e+02,9.404297000000000351e-01,3.996093999999999813e+00,1.920287999999999995e+00
1.846313000000000102e+02,8.789061999999999841e+01,-4.380493000000000166e+02,2.062377999999999822e+00,2.505859000000000059e+00,1.340942000000000078e+00
2.357177000000000078e+02,3.826903999999999684e+01,-5.441894999999999527e+02,2.994507000000000030e+00,1.024780000000000024e+00,1.880737000000000103e+00
2.001952999999999960e+01,1.208496000000000059e+01,-5.999755999999999858e+02,3.355590999999999990e+00,1.625977000000000117e-01,1.960449000000000108e+00
5.249022999999999683e+01,1.021118000000000023e+02,-5.783691000000000031e+02,3.674071999999999782e+00,-1.192017000000000104e+00,2.893676999999999833e+00
-9.887695000000000789e+00,2.407837000000000103e+02,-5.512084999999999582e+02,3.998534999999999950e+00,-2.839478000000000169e+00,2.692992999999999970e+00
