3.168335000000000150e+02,-4.754637999999999920e+01,2.685547000000000128e+00,-5.305176000000000336e-01,-1.208862000000000103e+00,-6.469726999999999562e-01
1.403808999999999969e+02,-8.306883999999999446e+01,3.985596000000000316e+01,-5.200194999999999679e-01,-9.603270999999999891e-01,2.346190999999999971e-01
1.045532000000000039e+02,-2.947998000000000118e+01,4.016113000000000000e+01,-4.964600000000000124e-01,-4.654540999999999817e-01,1.254272000000000054e+00
3.894042999999999921e+01,2.703856999999999999e+01,2.197265999999999941e+00,-5.014648000000000438e-01,-3.602294999999999803e-01,6.361084000000000183e-01
-2.253418000000000063e+02,2.105713000000000079e+01,-1.041260000000000048e+02,-4.132080000000000197e-01,-6.799315999999999693e-01,2.264403999999999861e-01
-1.447144000000000119e+02,1.446532999999999980e+01,-6.420897999999999683e+01,-4.185790999999999817e-01,-1.358154000000000083e+00,3.417968999999999868e-03
-4.150390999999999941e+00,-1.361083999999999961e+01,6.103515000000000329e-02,-3.632812999999999737e-01,-1.049927000000000055e+00,-2.125244000000000022e-01
8.453368000000000393e+01,-3.918457000000000079e+01,1.989745999999999881e+01,-4.119873000000000007e-01,-8.193359000000000059e-01,-2.315674000000000066e-01
-9.832762999999999920e+01,-6.018066000000000315e+01,1.446532999999999980e+01,-4.632568000000000241e-01,-8.518065999999999693e-01,-2.734375000000000000e-02
-3.216552999999999685e+01,-8.081054000000000315e+01,2.508545000000000158e+01,-3.961181999999999759e-01,-7.453613000000000044e-01,-1.015625000000000000e-01
-1.397705000000000020e+01,-1.941528000000000134e+02,-4.150390000000000157e+01,-5.717773000000000438e-01,-4.731445000000000234e-01,-1.445313000000000014e-01
-2.843018000000000143e+02,5.718994000000000000e+01,1.281738000000000000e+01,-3.543701000000000212e-01,-1.050659000000000010e+00,1.486083999999999961e+00
-6.329346000000000458e+02,5.145262999999999920e+01,5.920410000000000394e+00,-5.904540999999999817e-01,-8.547363000000000044e-01,3.833008000000000248e-02
-5.423583999999999605e+02,6.207274999999999920e+01,8.447265000000000157e+01,-3.562011999999999956e-01,-9.312743999999999467e-01,-9.072265999999999941e-01
-3.747558000000000220e+02,-4.510497999999999763e+01,4.730223999999999762e+01,-5.682372999999999452e-01,7.165526999999999314e-02,-7.767334000000000183e-01
-2.636107999999999834e+02,-2.819823999999999842e+01,3.564453000000000316e+01,-4.733886999999999956e-01,-4.581298999999999788e-01,-7.575684000000000307e-01
1.311034999999999968e+02,-1.477050999999999981e+01,3.039551000000000158e+01,-4.731445000000000234e-01,1.864013999999999949e-01,-8.941649999999999876e-01
5.492554000000000087e+02,-1.245116999999999940e+01,-4.150390999999999941e+00,-5.539551000000000336e-01,8.435059000000000307e-02,-7.590331999999999635e-01
1.019774999999999977e+03,-3.588866999999999763e+01,-6.634520999999999447e+01,-4.842528999999999861e-01,-2.579346000000000139e-01,-6.044922000000000351e-01
1.016173999999999978e+03,-9.838866000000000156e+01,-1.947021000000000157e+01,-4.368895999999999891e-01,-8.946532999999999847e-01,7.036132999999999971e-01
3.271483999999999810e+02,-1.074219000000000079e+01,-1.348877000000000059e+01,-4.145507999999999971e-01,-5.916747999999999452e-01,6.943359000000000059e-01
-6.746214999999999691e+02,-1.904297000000000040e+01,2.514648000000000039e+01,-4.729003999999999985e-01,-9.185790999999999817e-01,5.761718999999999591e-01
-1.202270999999999958e+03,3.723144000000000009e+00,5.218504999999999683e+01,-5.368652000000000424e-01,-1.370360999999999940e+00,1.488037000000000054e+00
-1.047118999999999915e+03,5.676268999999999565e+00,1.556396000000000015e+02,-5.791015999999999941e-01,-2.592772999999999883e-01,-1.827392999999999934e-01
-3.248901000000000181e+02,4.699707000000000079e+01,4.302978000000000236e+01,-4.645996000000000015e-01,1.023314999999999975e+00,-3.724365000000000037e-01
5.034789999999999850e+02,2.136230000000000118e+01,8.972167999999999921e+00,-4.992675999999999781e-01,-1.231688999999999978e-01,-1.544189000000000034e+00
9.635619000000000369e+02,-2.655029000000000039e+01,-1.135253999999999941e+01,-4.698486000000000051e-01,3.663330000000000197e-01,-9.305419999999999803e-01
1.001342999999999961e+03,-9.515380000000000393e+01,-4.107665999999999684e+01,-4.821776999999999869e-01,-6.048584000000000183e-01,8.898926000000000336e-01
3.804931000000000267e+02,1.184082000000000079e+01,-4.504393999999999920e+01,-4.184570000000000234e-01,-8.092040999999999817e-01,5.538330000000000197e-01
-4.441528000000000134e+02,-3.442383000000000237e+01,-1.281738000000000044e+00,-4.498290999999999817e-01,-1.136352999999999946e+00,2.163085999999999898e-01
-1.036010999999999967e+03,1.409911999999999921e+01,4.400634000000000157e+01,-5.236815999999999693e-01,-1.411377000000000104e+00,1.049927000000000055e+00
-9.865111000000000558e+02,1.531981999999999999e+01,1.206664999999999992e+02,-5.522460999999999620e-01,-1.152954000000000034e+00,-3.660888999999999949e-01
-3.407592000000000212e+02,1.031494000000000000e+01,2.764892000000000039e+01,-4.775390999999999941e-01,8.710938000000000292e-01,-4.638671999999999795e-01
2.561034999999999968e+02,2.416992000000000118e+01,-7.507323999999999664e+00,-5.347899999999999876e-01,-2.500000000000000000e-01,-1.106322999999999945e+00
9.920652999999999793e+02,-3.540039000000000158e+00,-1.751708999999999961e+01,-5.543213000000000168e-01,4.797363000000000322e-02,-7.053222999999999576e-01
1.133240000000000009e+03,-9.423826999999999998e+01,-2.795410000000000039e+01,-4.791259999999999963e-01,-6.265868999999999467e-01,7.946777000000000424e-01
8.006590999999999667e+02,-1.232910000000000039e+01,-2.746582000000000079e+01,-3.680419999999999803e-01,-5.739746000000000015e-01,1.211913999999999936e+00
-3.691406000000000063e+02,-3.625488000000000000e+01,1.354979999999999940e+01,-3.883056999999999759e-01,-8.858643000000000489e-01,2.858886999999999956e-01
-1.064818999999999960e+03,-2.478027000000000157e+01,1.861571999999999960e+01,-5.659180000000000321e-01,-1.026488999999999985e+00,1.174072000000000005e+00
-1.309509000000000015e+03,3.002928999999999959e+01,1.329345999999999890e+02,-5.374756000000000533e-01,-1.452271000000000090e+00,2.086182000000000036e-01
-5.850829999999999700e+02,2.227783000000000158e+01,3.472899999999999920e+01,-4.423828000000000205e-01,1.177002000000000104e+00,-4.089355000000000073e-02
1.590576000000000079e+02,5.914305999999999841e+01,7.995605000000000295e+00,-4.569092000000000153e-01,2.618407999999999847e-01,-1.378052000000000055e+00
9.955443000000000211e+02,-1.287842000000000020e+01,6.225584999999999702e+00,-5.135497999999999452e-01,9.155272999999999883e-02,-9.964600000000000124e-01
1.169311999999999898e+03,-9.997557999999999367e+01,-6.634520999999999447e+01,-4.133300999999999781e-01,2.360839999999999883e-01,-1.058594000000000035e+00
8.427123000000000275e+02,-4.138183000000000078e+01,-2.856445000000000078e+01,-3.933105000000000073e-01,-3.105469000000000146e-01,2.008789000000000158e+00
6.030272999999999683e+01,-4.943848000000000020e+00,-1.263428000000000040e+01,-4.335937999999999737e-01,-9.898681999999999759e-01,3.199463000000000168e-01
-1.039733999999999924e+03,-2.349852999999999881e+01,3.479004000000000207e+00,-5.456543000000000365e-01,-1.255127000000000104e+00,1.128295999999999966e+00
-1.260681000000000040e+03,2.844238000000000000e+01,1.455688000000000102e+02,-5.478515999999999941e-01,-1.379394999999999927e+00,-7.922363000000000322e-02
-7.933958999999999833e+02,-3.631591999999999842e+01,6.658935999999999922e+01,-4.447020999999999891e-01,1.276732999999999896e+00,1.021728999999999971e-01
1.901854999999999905e+02,4.376219999999999999e+01,-1.892090000000000050e+00,-4.859619000000000022e-01,2.045897999999999883e-01,-1.228515999999999941e+00
9.022826000000000022e+02,6.164550000000000196e+00,-2.258300999999999892e+00,-5.009765999999999941e-01,-4.553222999999999993e-02,-1.009155000000000024e+00
1.229674999999999955e+03,-1.134642999999999944e+02,-7.006835999999999842e+01,-3.858642999999999934e-01,-6.701659999999999562e-02,-1.033325000000000049e+00
1.018004999999999995e+03,-8.251951999999999998e+01,-1.049804999999999922e+01,-3.428955000000000197e-01,-2.838134999999999963e-01,2.133300999999999892e+00
-1.653442000000000007e+02,-1.202392000000000039e+01,-9.033203000000000316e+00,-3.673096000000000139e-01,-7.290039000000000380e-01,2.479248000000000007e-01
-1.073181000000000040e+03,-1.019286999999999921e+01,-1.403807999999999945e+00,-5.614014000000000504e-01,-1.326659999999999950e+00,1.322387999999999897e+00
-1.284546000000000049e+03,4.083250999999999920e+01,1.046141999999999967e+02,-5.521239999999999482e-01,-1.518310999999999966e+00,3.775634999999999963e-01
-5.739135999999999740e+02,8.850097999999999132e+00,3.356933999999999685e+01,-4.660644999999999927e-01,1.191162000000000054e+00,-1.099853999999999971e-01
1.995849000000000046e+02,6.634520999999999447e+01,-1.574707000000000079e+01,-4.615479000000000109e-01,1.192626999999999993e-01,-1.309325999999999990e+00
1.005370999999999981e+03,4.394530999999999743e+00,-5.493164000000000158e+00,-5.809326000000000212e-01,-3.411865000000000037e-01,-9.356689000000000256e-01
1.077393000000000029e+03,-9.381103000000000236e+01,-3.125000000000000000e+01,-4.998778999999999861e-01,-6.384277000000000424e-01,2.988280999999999854e-01
7.972410999999999603e+02,-2.026367000000000118e+01,5.065916999999999781e+00,-2.728270999999999891e-01,-4.151611000000000051e-01,1.285034000000000010e+00
-3.416748000000000047e+02,-3.839110999999999763e+01,8.544921999999999684e+00,-3.547363000000000044e-01,-9.921875000000000000e-01,3.857421999999999795e-01
-1.161987000000000080e+03,-6.103515999999999941e-01,2.569579999999999842e+01,-5.770264000000000504e-01,-1.674560999999999966e+00,1.538208000000000020e+00
-1.189513999999999896e+03,-2.709960999999999842e+01,1.466674999999999898e+02,-6.223144999999999927e-01,-8.129882999999999971e-01,-3.966064000000000256e-01
-6.572875000000000227e+02,-3.680420000000000158e+01,2.972411999999999921e+01,-4.304199000000000219e-01,9.868164000000000380e-01,4.670409999999999839e-01
2.530517000000000110e+02,4.602049999999999841e+01,9.277343999999999369e+00,-5.336914000000000380e-01,4.797363000000000322e-02,-9.818114999999999482e-01
9.884642999999999802e+02,3.906250000000000000e+01,5.310057999999999723e+00,-5.939940999999999693e-01,2.717284999999999839e-01,-7.634277000000000424e-01
1.239501999999999953e+03,-1.389771000000000072e+02,-8.276366000000000156e+01,-3.894042999999999810e-01,-6.242676000000000336e-01,-8.466797000000000351e-01
6.536254000000000133e+02,-2.929686999999999841e+01,3.973389000000000237e+01,-3.514403999999999861e-01,-6.376952999999999649e-01,1.579590000000000050e+00
-3.023070999999999913e+02,-7.568359000000000059e+00,1.208496000000000059e+01,-2.810058999999999751e-01,-7.463378999999999985e-01,6.254882999999999971e-01
-1.340576000000000022e+03,3.845215000000000316e+01,5.694579999999999842e+01,-4.229736000000000051e-01,-1.391234999999999999e+00,1.530151000000000039e+00
-1.236876999999999953e+03,-4.882812000000000263e-01,1.300048999999999921e+02,-6.765136999999999956e-01,-1.002196999999999949e-01,-2.783203000000000066e-02
-5.596313000000000102e+02,3.948975000000000080e+01,1.184082000000000079e+01,-6.499023000000000438e-01,3.438721000000000139e-01,-5.444336000000000314e-02
4.102783000000000015e+02,7.366943000000000552e+01,3.344727000000000317e+01,-5.810547000000000351e-01,1.953125000000000000e-02,-1.123656999999999906e+00
1.224242999999999938e+03,9.222410999999999603e+01,2.233886000000000038e+01,-4.923096000000000139e-01,-2.835693000000000241e-01,-7.598877000000000548e-01
1.295836999999999989e+03,-1.561279000000000110e+02,-5.670165999999999684e+01,-3.706054999999999766e-01,-1.189940999999999915e+00,-8.763427999999999773e-01
8.447875000000000227e+02,-3.222655999999999921e+01,6.884766000000000474e+01,-3.833007999999999971e-01,-5.335693000000000241e-01,2.374023000000000216e+00
-3.032226999999999748e+02,1.831055000000000099e+00,9.155271999999999855e-01,-2.883300999999999781e-01,-5.676269999999999927e-02,1.621093999999999868e-01
-9.263305000000000291e+02,2.392577999999999960e+01,-1.367187000000000019e+01,-5.496826000000000212e-01,-8.944092000000000153e-01,1.213135000000000074e+00
-1.134826999999999998e+03,5.938719999999999999e+01,1.015014999999999930e+02,-6.273193000000000241e-01,-9.714355000000000073e-01,-2.559814000000000256e-01
-7.685546000000000504e+02,-1.989745999999999881e+01,4.864500999999999920e+01,-3.745117000000000029e-01,5.701903999999999861e-01,-6.311034999999999562e-02
-7.177733999999999526e+01,7.269286999999999921e+01,1.330565999999999960e+01,-4.468994000000000022e-01,4.191894999999999927e-01,-7.966309000000000307e-01
9.169311000000000149e+02,4.608153999999999684e+01,2.203369000000000000e+01,-5.185547000000000351e-01,-4.483642999999999934e-01,-1.261840999999999990e+00
1.257141000000000076e+03,-4.199217999999999762e+01,-2.392577999999999960e+01,-4.393310999999999744e-01,6.063231999999999511e-01,-2.325683999999999862e+00
1.066528000000000020e+03,-1.180420000000000016e+02,4.937744000000000000e+01,-1.718750000000000000e-01,-2.371825999999999934e-01,2.235840000000000050e+00
1.775511999999999944e+02,2.380370999999999881e+01,8.117675999999999448e+00,-3.319092000000000153e-01,3.759765999999999941e-01,4.060058999999999751e-01
-8.418577999999999975e+02,-6.469725999999999644e+00,-4.174804000000000315e+01,-2.546386999999999956e-01,-9.256592000000000153e-01,6.743164000000000380e-01
-1.240233999999999924e+03,6.890869000000000710e+01,9.246824999999999761e+01,-6.182860999999999496e-01,-1.599242999999999970e+00,-1.190186000000000022e-01
-1.021972999999999956e+03,-3.070067999999999842e+01,1.099852999999999952e+02,-2.623290999999999817e-01,1.685791000000000095e-01,-1.240234000000000059e-01
-1.849975000000000023e+02,9.246824999999999761e+01,3.662109000000000236e+01,-5.084229000000000109e-01,7.268065999999999693e-01,-4.532471000000000139e-01
5.136108000000000402e+02,7.977294999999999447e+01,2.301024999999999920e+01,-5.703125000000000000e-01,-4.846190999999999693e-02,-1.621825999999999990e+00
1.285217000000000098e+03,-1.031494000000000000e+01,-3.723144000000000009e+00,-4.898681999999999759e-01,8.701172000000000351e-01,-2.418578999999999812e+00
1.160155999999999949e+03,-2.325439000000000078e+02,9.155271999999999855e-01,-2.178954999999999920e-01,-6.929931999999999759e-01,1.929564999999999975e+00
3.086548000000000229e+02,-1.525878999999999941e+01,5.548094999999999999e+01,-2.874755999999999978e-01,4.653320000000000234e-01,1.242798000000000069e+00
-9.019163999999999533e+02,2.465820000000000078e+01,-2.648926000000000158e+01,-5.614014000000000504e-01,-9.422606999999999511e-01,9.857177999999999773e-01
-1.363463999999999942e+03,7.635497999999999763e+01,8.032225999999999999e+01,-5.131835999999999620e-01,-1.670409999999999950e+00,7.435302999999999773e-01
-1.025269000000000005e+03,-3.448485999999999763e+01,9.777831000000000472e+01,-4.964600000000000124e-01,3.311767999999999934e-01,8.813477000000000117e-02
-3.021240000000000236e+02,4.663085000000000235e+01,4.803466000000000236e+01,-5.236815999999999693e-01,7.921143000000000489e-01,1.135253999999999985e-01
8.429564000000000306e+02,8.209228000000000236e+01,1.824951000000000079e+01,-3.845215000000000161e-01,-4.238280999999999854e-01,-1.052489999999999926e+00
1.258057000000000016e+03,-7.690430000000000632e+01,-8.758544000000000551e+01,-1.562500000000000000e-01,5.756835999999999620e-01,-2.809448000000000167e+00
8.399047000000000480e+02,-1.787109000000000094e+02,5.187987999999999822e+00,-1.938477000000000117e-01,-1.462280000000000024e+00,1.714722000000000079e+00
8.605957000000000079e+00,-2.539061999999999841e+01,4.083250999999999920e+01,-3.693848000000000131e-01,-4.422607000000000066e-01,7.534180000000000321e-01
-1.669310999999999865e+02,-2.301024999999999920e+01,2.136229999999999851e+00,-3.801269999999999927e-01,-5.296631000000000533e-01,4.746094000000000146e-01
-6.634520999999999447e+01,-8.300781000000000631e+00,-1.770019000000000009e+00,-4.267578000000000205e-01,-8.684081999999999635e-01,5.650635000000000518e-01
-1.031494000000000000e+02,-7.934569999999999679e-01,1.818847999999999843e+01,-5.273438000000000292e-01,-1.010132000000000030e+00,4.299316000000000249e-01
-2.118530000000000086e+02,-1.208496000000000059e+01,-2.264404000000000039e+01,-3.829346000000000139e-01,-4.761963000000000168e-01,2.678223000000000131e-01
-2.048950000000000102e+02,9.155271999999999855e-01,-5.474853000000000236e+01,-3.826903999999999861e-01,-8.848877000000000548e-01,3.435058999999999751e-01
-9.136961999999999762e+01,2.093506000000000000e+01,-3.198242000000000118e+01,-3.800048999999999788e-01,-1.166625999999999941e+00,2.911376999999999993e-01
1.304932000000000016e+02,3.436278999999999684e+01,1.593017000000000039e+01,-2.598876999999999993e-01,-8.996581999999999635e-01,-3.405761999999999678e-02
2.349852999999999881e+01,3.100585999999999842e+01,-1.232910000000000039e+01,-3.020019999999999927e-01,-8.708496000000000015e-01,-1.636962999999999890e-01
1.409911999999999921e+01,3.161620999999999881e+01,-2.807617000000000029e+00,-3.284911999999999832e-01,-1.357544000000000084e+00,1.186523000000000022e-01
-5.102539000000000158e+01,3.729247999999999763e+01,1.318359000000000059e+01,-2.814941000000000249e-01,-1.123169000000000084e+00,-1.331787000000000110e-01
-9.155272999999999328e+00,1.562500000000000000e+01,3.045654000000000039e+01,-4.007568000000000241e-01,-1.144165000000000099e+00,-3.465576000000000212e-01
2.813720999999999961e+01,-2.117920000000000158e+01,4.174804000000000315e+01,-4.389647999999999883e-01,-7.534180000000000321e-01,-3.197020999999999891e-01
1.140137000000000000e+02,-6.890869000000000710e+01,3.033446999999999960e+01,-4.707030999999999854e-01,-6.577148000000000438e-01,-2.338867000000000029e-01
-3.344727000000000317e+01,-1.135253999999999941e+01,3.955078000000000316e+01,-5.352782999999999847e-01,-1.188720999999999917e+00,2.053223000000000020e+00
-3.564452999999999747e+02,4.010009999999999764e+01,1.947021000000000157e+01,-3.391113000000000044e-01,-2.186278999999999861e-01,-4.058838000000000168e-01
-7.766722999999999502e+02,2.691649999999999920e+01,-5.432127999999999624e+00,-4.918213000000000168e-01,-1.340332000000000079e+00,2.341309000000000029e-01
-6.806639999999999873e+02,5.755615000000000236e+01,4.766844999999999999e+01,-3.909911999999999832e-01,-1.419678000000000051e-01,-4.534911999999999832e-01
-6.205443999999999960e+02,3.485106999999999999e+01,3.564453000000000316e+01,-3.768310999999999744e-01,-8.605957000000000190e-02,-1.146239999999999926e+00
-3.961181000000000267e+02,-5.432128000000000156e+01,2.880858999999999881e+01,-4.842528999999999861e-01,6.070556999999999759e-01,-1.242188000000000070e+00
-2.614135999999999740e+02,-6.231689000000000078e+01,-7.873535000000000394e+00,-4.724121000000000015e-01,4.353026999999999869e-01,-8.143310999999999744e-01
3.985596000000000316e+01,-2.703856999999999999e+01,4.150390999999999941e+00,-3.945312999999999737e-01,3.773193000000000241e-01,-3.681640999999999941e-01
5.379027999999999565e+02,3.021239999999999881e+01,1.159667999999999921e+00,-3.535155999999999854e-01,5.155028999999999861e-01,-3.066405999999999854e-01
1.242675999999999931e+03,8.093260999999999683e+01,-1.562500000000000000e+01,-4.622802999999999773e-01,7.446289000000000033e-03,-7.993164000000000380e-01
1.219238000000000056e+03,-1.332396999999999991e+02,-1.319579999999999984e+02,-1.108398000000000022e-01,-1.112305000000000099e+00,1.943359000000000059e-01
6.088256999999999834e+02,-1.593017000000000039e+01,-4.376219999999999999e+01,-1.966553000000000051e-01,-8.195801000000000336e-01,1.595337000000000005e+00
-3.838500000000000227e+02,-1.556395999999999979e+01,2.319335999999999842e+00,-4.923096000000000139e-01,-1.595580999999999916e+00,1.196288999999999964e-01
-1.078307999999999993e+03,1.159667999999999921e+01,7.342529000000000394e+01,-3.420409999999999839e-01,-1.548340000000000050e+00,1.118408000000000069e+00
-1.275145999999999958e+03,-6.854247999999999763e+01,1.705931999999999960e+02,-9.008789000000000380e-02,-6.572265999999999941e-01,-2.841796999999999795e-01
-8.919677000000000362e+02,-4.028320000000000078e+01,8.905028000000000077e+01,-4.503173999999999788e-01,6.387939000000000256e-01,1.898192999999999964e-01
-1.400146000000000015e+02,-6.713866999999999585e+00,2.984619000000000000e+01,-4.285888999999999949e-01,1.378540000000000099e+00,-7.988281000000000409e-01
4.180296999999999912e+02,-2.172850999999999999e+01,-4.675292000000000314e+01,-4.904784999999999839e-01,7.030028999999999861e-01,-4.561767999999999934e-01
8.164672000000000480e+02,3.277588000000000079e+01,-6.457519999999999527e+01,-4.619140999999999941e-01,1.273192999999999964e-01,3.173828000000000066e-03
1.156250000000000000e+03,4.333496000000000237e+00,-1.225585999999999984e+02,-3.194580000000000197e-01,-5.456542999999999810e-02,-9.754639000000000504e-01
9.739989000000000487e+02,-1.041260000000000048e+02,-7.452392999999999290e+01,-2.687988000000000044e-01,-1.594970999999999917e+00,6.367188000000000292e-01
-8.056641000000000830e+00,-8.178710999999999842e+00,1.153564000000000078e+01,-4.699707000000000190e-01,-1.130004999999999926e+00,9.069823999999999942e-02
-6.954344999999999573e+02,2.349852999999999881e+01,2.947998000000000118e+01,-4.199219000000000146e-01,-1.127440999999999915e+00,8.428955000000000197e-01
-1.196715999999999894e+03,-3.112792999999999921e+00,1.210327000000000055e+02,-5.000000000000000000e-01,-1.508788999999999936e+00,-4.571532999999999847e-01
-8.502807000000000244e+02,-6.671142999999999290e+01,9.014892000000000394e+01,-5.260010000000000518e-01,5.109863000000000044e-01,-9.912108999999999503e-02
-3.275756000000000085e+02,-2.862548999999999921e+01,3.240966999999999842e+01,-4.708251999999999993e-01,1.136840999999999990e+00,-5.523681999999999759e-01
4.292601999999999975e+02,4.028319999999999901e+00,-2.642821999999999960e+01,-5.511475000000000124e-01,7.812500000000000000e-01,-4.910888999999999949e-01
8.995970999999999549e+02,3.741454999999999842e+01,-6.506347999999999843e+01,-5.208739999999999482e-01,1.674805000000000044e-01,-1.995850000000000124e-01
1.179809999999999945e+03,-2.636719000000000079e+01,-1.250610000000000070e+02,-3.575439000000000256e-01,-2.054442999999999964e-01,-5.737305000000000321e-01
8.032835999999999785e+02,-6.738281000000000631e+01,-7.916259999999999764e+01,-3.892822000000000227e-01,-1.538329999999999975e+00,1.261597000000000079e+00
-2.548217999999999961e+02,-1.232910000000000039e+01,1.715088000000000079e+01,-4.663086000000000175e-01,-1.542969000000000035e+00,1.459960999999999898e-01
-1.046143000000000029e+03,1.922606999999999999e+01,8.355711999999999762e+01,-4.783935999999999744e-01,-1.290770999999999891e+00,4.150390999999999941e-01
-1.146912000000000035e+03,-5.816649999999999920e+01,1.221924000000000063e+02,-4.322509999999999963e-01,-7.843018000000000489e-01,-5.137939000000000256e-01
-6.216431000000000040e+02,-4.754637999999999920e+01,5.285643999999999920e+01,-4.732665999999999817e-01,4.879149999999999876e-01,-2.729492000000000029e-01
1.306151999999999980e+01,-1.953125000000000000e+00,2.331542999999999921e+01,-3.923340000000000161e-01,9.414063000000000292e-01,-3.840332000000000190e-01
8.770140999999999849e+02,5.432128000000000156e+01,-4.620360999999999763e+01,-4.370117000000000029e-01,5.386963000000000168e-01,-1.790770999999999891e-01
1.336365000000000009e+03,3.485106999999999999e+01,-1.132811999999999983e+02,-3.999022999999999883e-01,-2.222899999999999876e-01,-7.661132999999999971e-01
1.024474999999999909e+03,-7.623291000000000395e+01,-7.568358999999999526e+01,-4.079590000000000161e-01,-1.280883999999999912e+00,1.276367000000000029e+00
1.832274999999999920e+02,-1.757813000000000159e+01,-1.464844000000000035e+00,-3.704834000000000183e-01,-1.510375999999999941e+00,2.823486000000000051e-01
-4.252928999999999746e+02,-3.894042999999999921e+01,3.942871000000000237e+01,-4.306640999999999941e-01,-9.337157999999999847e-01,7.607422000000000351e-01
-1.034118999999999915e+03,1.947021000000000157e+01,5.718994000000000000e+01,-4.788818000000000241e-01,-1.203856999999999955e+00,6.568604000000000109e-01
-1.142577999999999975e+03,-3.680420000000000158e+01,9.014892000000000394e+01,-4.150390999999999941e-01,-9.166260000000000518e-01,-5.748290999999999817e-01
-8.556517999999999802e+02,-7.812500000000000000e+01,5.902098999999999762e+01,-6.132813000000000292e-01,3.759765999999999803e-02,-1.730956999999999912e-01
-2.855224999999999795e+02,-3.790283000000000158e+01,2.368164000000000158e+01,-5.155028999999999861e-01,9.121093999999999591e-01,-4.992675999999999781e-01
3.461302999999999770e+02,-6.896971999999999881e+00,-2.380370999999999793e+00,-5.101318000000000241e-01,7.780761999999999956e-01,-3.372802999999999773e-01
1.059082000000000107e+03,5.828856999999999999e+01,-4.534911999999999921e+01,-5.292968999999999591e-01,8.422852000000000117e-02,-1.436767999999999934e-01
1.431884999999999991e+03,1.434326000000000079e+01,-9.313963999999999999e+01,-3.948975000000000124e-01,-4.489746000000000015e-01,-8.149414000000000380e-01
9.194334999999999809e+02,-1.027831999999999937e+02,-2.044677000000000078e+01,-3.563232000000000066e-01,-4.992675999999999781e-01,1.343993999999999911e+00
-3.887939000000000078e+01,-4.968260999999999683e+01,-3.234863000000000000e+01,-4.066161999999999832e-01,-1.014159999999999950e+00,6.049805000000000321e-01
-1.176086000000000013e+03,2.178954999999999842e+01,3.845215000000000316e+01,-5.419922000000000351e-01,-1.851563000000000070e+00,1.154174999999999951e+00
-1.280884000000000015e+03,-8.929442000000000235e+01,1.271972999999999985e+02,-4.926757999999999971e-01,-1.018310999999999966e+00,-6.271972999999999576e-01
-8.908079999999999927e+02,-1.085204999999999984e+02,8.148192000000000235e+01,-6.361084000000000183e-01,8.911133000000000248e-02,-6.140136999999999678e-02
-2.809447999999999865e+02,-4.174804000000000315e+01,2.569579999999999842e+01,-4.913330000000000197e-01,1.088622999999999896e+00,-2.869873000000000007e-01
3.713989000000000260e+02,7.812500000000000000e+00,-1.159667999999999921e+00,-5.739746000000000015e-01,8.245850000000000124e-01,-1.885986000000000051e-01
1.107544000000000096e+03,5.535887999999999920e+01,-6.536865000000000236e+01,-5.725097999999999576e-01,2.037354000000000109e-01,-9.448241999999999752e-02
1.421265000000000100e+03,1.617432000000000158e+01,-1.035156000000000063e+02,-4.908447000000000227e-01,-7.722168000000000365e-01,-2.187500000000000000e-01
7.482299000000000433e+02,-4.760741999999999763e+01,-5.120848999999999762e+01,-4.368895999999999891e-01,-9.766846000000000139e-01,9.819335999999999620e-01
-4.618530000000000086e+02,-1.977539000000000158e+01,2.502441000000000138e+00,-4.382324000000000219e-01,-1.326049999999999951e+00,3.953857000000000066e-01
-1.015259000000000015e+03,5.310057999999999723e+00,2.160643999999999920e+01,-5.300293000000000365e-01,-9.005127000000000548e-01,6.351318000000000241e-01
-1.232422000000000025e+03,-2.685547000000000040e+01,5.755615000000000236e+01,-4.919433999999999751e-01,-1.022216999999999931e+00,-5.506592000000000153e-01
-9.304809000000000196e+02,-5.126953000000000316e+01,6.317137999999999920e+01,-6.844481999999999511e-01,3.344727000000000117e-02,-7.297363000000000044e-01
-3.552246000000000095e+02,-5.078125000000000000e+01,2.410887999999999920e+01,-5.596923999999999788e-01,9.997559000000000307e-01,-5.666503999999999985e-01
2.357787999999999897e+02,-2.319335999999999842e+01,-1.098632999999999971e+00,-5.629882999999999971e-01,7.501221000000000139e-01,-1.162109000000000059e-01
1.065063000000000102e+03,4.351805999999999841e+01,-3.289795000000000158e+01,-3.956298999999999788e-01,4.547119000000000022e-01,9.997559000000000307e-02
1.541808999999999969e+03,1.721190999999999960e+01,-1.157225999999999999e+02,-4.299316000000000249e-01,-6.492919999999999803e-01,-2.614746000000000015e-01
9.882812000000000126e+02,-4.760741999999999763e+01,-6.964110999999999763e+01,-4.519042999999999810e-01,-1.004761000000000015e+00,6.885985999999999496e-01
-4.395751000000000204e+02,-2.246094000000000079e+01,-7.080078000000000316e+00,-3.504638999999999949e-01,-1.714232999999999896e+00,4.694824000000000219e-01
-1.142821999999999889e+03,-4.272460999999999842e+00,4.675292000000000314e+01,-5.380859000000000059e-01,-1.283690999999999915e+00,6.644286999999999832e-01
-1.310057999999999993e+03,-5.737304000000000315e+01,5.566405999999999921e+01,-5.229492000000000029e-01,-9.720459000000000183e-01,-4.295653999999999861e-01
-8.807981999999999516e+02,-9.472655000000000314e+01,4.187010999999999683e+01,-3.229980000000000073e-01,3.195800999999999781e-01,-5.415039000000000380e-01
-2.052001999999999953e+02,-4.107665999999999684e+01,2.331542999999999921e+01,-4.788818000000000241e-01,1.156250000000000000e+00,1.939696999999999949e-01
6.479491000000000440e+02,1.855469000000000079e+01,-2.770995999999999881e+01,-5.429688000000000292e-01,6.287842000000000153e-01,-1.309813999999999978e-01
1.108459000000000060e+03,6.085204999999999842e+01,-4.577635999999999683e+01,-3.968505999999999978e-01,3.588866999999999752e-02,-3.271484000000000197e-02
1.317688000000000102e+03,1.367187000000000019e+01,-9.173583000000000709e+01,-5.297851999999999562e-01,-9.438476999999999562e-01,-5.433350000000000124e-01
8.672483999999999469e+02,-4.797363000000000000e+01,-2.478027000000000157e+01,-4.927979000000000109e-01,-1.383423000000000069e+00,7.695313000000000292e-01
-2.108763999999999896e+02,-2.551268999999999920e+01,-1.318359000000000059e+01,-3.704834000000000183e-01,-1.029784999999999950e+00,3.250732000000000066e-01
-9.826658999999999651e+02,1.348877000000000059e+01,2.618408000000000158e+01,-5.228270999999999891e-01,-1.307860999999999940e+00,5.622559000000000307e-01
-1.181458000000000084e+03,-2.648926000000000158e+01,5.249022999999999683e+01,-5.017089999999999606e-01,-1.113402999999999921e+00,-3.342284999999999839e-01
-9.263305000000000291e+02,-6.610107000000000710e+01,5.639647999999999683e+01,-5.950927999999999773e-01,-1.806641000000000150e-02,-6.444092000000000153e-01
-4.866333000000000197e+02,-8.831785999999999603e+01,2.197265000000000157e+01,-2.935790999999999817e-01,6.594238000000000044e-01,-4.487304999999999766e-01
4.712524000000000228e+02,5.004883000000000415e+00,1.342773000000000039e+01,-5.179443000000000241e-01,8.591309000000000307e-01,1.309813999999999978e-01
1.098021999999999935e+03,6.201171000000000078e+01,-2.807617000000000118e+01,-4.691161999999999832e-01,1.721191000000000040e-02,-3.505859000000000059e-01
1.537170000000000073e+03,-7.690428999999999959e+00,-7.299805000000000632e+01,-5.660399999999999876e-01,-7.409668000000000365e-01,-8.775635000000000518e-01
9.707640999999999849e+02,-6.921387000000000000e+01,-9.765624000000000526e-01,-3.566894999999999927e-01,-5.513915999999999817e-01,1.404419000000000084e+00
7.385254000000000474e+01,-3.015136000000000038e+01,-6.042480000000000295e+00,-3.970947000000000227e-01,-8.238524999999999876e-01,7.017822000000000227e-01
-9.297483999999999469e+02,-2.032469999999999999e+01,3.448485999999999763e+01,-5.478515999999999941e-01,-8.486327999999999649e-01,1.215697999999999945e+00
-1.283935999999999922e+03,2.429198999999999842e+01,4.003905999999999921e+01,-6.364746000000000015e-01,-1.116699000000000108e+00,4.326171999999999795e-01
-1.152282999999999902e+03,-4.522704999999999842e+01,7.855225000000000080e+01,-4.890136999999999956e-01,-3.489990000000000037e-01,-5.422363000000000044e-01
-4.558104999999999905e+02,-6.219481999999999999e+01,3.588866999999999763e+01,-3.262939000000000256e-01,7.733153999999999861e-01,-8.282471000000000139e-01
2.313232000000000141e+02,-2.435302000000000078e+01,1.098633000000000060e+01,-4.815673999999999788e-01,8.311768000000000489e-01,-1.904297000000000073e-01
8.408201999999999998e+02,3.967284999999999684e+01,-4.998778999999999684e+01,-4.554443000000000241e-01,2.113037000000000110e-01,-3.597411999999999832e-01
1.156372000000000071e+03,2.435302000000000078e+01,-5.383299999999999841e+01,-4.477538999999999825e-01,-7.885742000000000029e-01,-4.556884999999999963e-01
9.455565000000000282e+02,-2.593994000000000000e+01,-3.741454999999999842e+01,-4.625244000000000022e-01,-9.106444999999999679e-01,-5.395508000000000248e-02
3.622436000000000149e+02,-4.760741999999999763e+01,-1.354979999999999940e+01,-3.652344000000000146e-01,-9.493407999999999847e-01,7.380371000000000015e-01
-6.517332999999999856e+02,1.190184999999999960e+01,1.177978000000000058e+01,-5.371093999999999591e-01,-9.794922000000000351e-01,7.604980000000000073e-01
-1.051818999999999960e+03,-3.723144000000000009e+00,1.800536999999999921e+01,-5.683593999999999591e-01,-9.454346000000000139e-01,-6.665039000000000380e-02
-1.173522999999999911e+03,-3.302002000000000237e+01,4.876709000000000316e+01,-4.946288999999999825e-01,-8.085938000000000292e-01,-4.754638999999999949e-01
-7.802732999999999493e+02,-7.769774999999999920e+01,5.163573999999999842e+01,-3.549804999999999766e-01,3.016357000000000066e-01,-9.549560999999999744e-01
-2.001342999999999961e+02,-5.529784999999999684e+01,3.735352000000000317e+01,-4.604492000000000029e-01,8.765868999999999467e-01,-1.282958999999999905e-01
6.535032999999999674e+02,2.209471999999999881e+01,-1.831055000000000044e-01,-5.245360999999999496e-01,8.563231999999999511e-01,-2.324218999999999868e-01
1.215942000000000007e+03,5.926512999999999920e+01,-4.748534999999999684e+01,-4.765625000000000000e-01,-2.351073999999999942e-01,-3.188477000000000117e-01
1.450256000000000085e+03,-1.446532999999999980e+01,-8.160398999999999603e+01,-5.429688000000000292e-01,-8.472899999999999876e-01,-4.599609000000000059e-01
8.684080999999999904e+02,-5.297850999999999999e+01,-2.349852999999999881e+01,-2.053223000000000131e-01,-5.195313000000000292e-01,1.259765999999999941e+00
-1.159667999999999921e+01,-2.716064000000000078e+01,-9.399414000000000158e+00,-3.419189000000000256e-01,-1.054688000000000070e+00,7.727051000000000336e-01
-1.009216000000000008e+03,-1.477050999999999981e+01,4.663085000000000235e+01,-5.491943000000000241e-01,-1.068359000000000059e+00,1.206909000000000010e+00
-1.237365999999999985e+03,1.177978000000000058e+01,4.058836999999999762e+01,-5.705565999999999693e-01,-1.060669000000000084e+00,2.984619000000000022e-01
-1.091308999999999969e+03,-4.522704999999999842e+01,6.927490000000000236e+01,-4.628905999999999854e-01,-3.160399999999999876e-01,-3.922119000000000022e-01
-4.163208000000000197e+02,-7.043456999999999368e+01,5.377197000000000315e+01,-4.205322000000000227e-01,6.175536999999999832e-01,-7.696532999999999847e-01
3.110962000000000103e+02,-4.705810000000000315e+01,3.430176000000000158e+01,-3.750000000000000000e-01,7.899169999999999803e-01,-2.203369000000000022e-01
1.102782999999999902e+03,5.828856999999999999e+01,-2.844238000000000000e+01,-4.969482000000000066e-01,1.730956999999999912e-01,-2.427979000000000109e-01
1.395446999999999889e+03,2.087402000000000157e+01,-8.489988999999999919e+01,-5.841064000000000256e-01,-4.780272999999999883e-01,-9.561768000000000489e-01
9.573973999999999478e+02,-8.032225999999999999e+01,-1.214598999999999940e+01,-2.976074000000000219e-01,-9.992676000000000336e-01,1.199707000000000079e+00
1.930542000000000087e+02,-1.293945000000000078e+01,6.774901999999999980e+00,-4.172363000000000044e-01,-6.589355000000000073e-01,9.547118999999999467e-01
-8.906249000000000251e+02,1.647949000000000108e+00,1.208496000000000059e+01,-4.741211000000000175e-01,-8.802489999999999482e-01,1.136230000000000073e+00
-1.248596000000000004e+03,1.330565999999999960e+01,7.177733999999999526e+01,-4.855957000000000190e-01,-1.208007999999999971e+00,-1.628418000000000088e-01
-1.169494999999999891e+03,-6.805419999999999447e+01,9.527586999999999762e+01,-4.371338000000000168e-01,-3.115234000000000059e-01,-5.018310999999999744e-01
-4.022216000000000236e+02,-5.444335000000000235e+01,5.932616999999999763e+01,-4.315185999999999744e-01,6.201172000000000351e-01,-4.285888999999999949e-01
3.870239000000000260e+02,5.798339000000000354e+00,3.387451000000000079e+01,-4.515380999999999978e-01,9.814452999999999649e-01,-2.753905999999999854e-01
1.154419000000000096e+03,6.884766000000000474e+01,-5.950927000000000078e+01,-5.264893000000000489e-01,1.287841999999999876e-01,-4.926757999999999971e-01
1.327759000000000015e+03,-3.546143000000000001e+01,-1.047973999999999961e+02,-4.801024999999999876e-01,-5.653076000000000212e-01,-5.563964999999999606e-01
7.633056000000000267e+02,-6.243896000000000157e+01,1.190184999999999960e+01,-3.909911999999999832e-01,-8.417968999999999591e-01,1.371582000000000079e+00
-4.165038999999999874e+02,-1.483154000000000039e+01,5.493164000000000380e-01,-3.841552999999999773e-01,-8.374023000000000438e-01,4.599609000000000059e-01
-1.174500000000000000e+03,2.203369000000000000e+01,1.318359000000000059e+01,-5.472411999999999832e-01,-1.414306999999999981e+00,8.664551000000000336e-01
-1.224182000000000016e+03,-6.744384999999999764e+01,1.079100999999999999e+02,-4.200439000000000256e-01,-9.738769999999999927e-01,-5.113524999999999876e-01
-6.936644999999999754e+02,-7.391357000000000710e+01,7.049560999999999922e+01,-4.705810999999999744e-01,2.244873000000000007e-01,-1.369628999999999985e-01
3.056641000000000190e+02,2.294922000000000040e+01,4.266356999999999999e+01,-3.754882999999999971e-01,6.688231999999999511e-01,-2.187500000000000000e-01
1.043944999999999936e+03,9.112547999999999604e+01,-1.696777000000000157e+01,-5.244140999999999941e-01,2.124022999999999883e-02,-6.856689000000000256e-01
1.372864000000000033e+03,-6.195067999999999842e+01,-9.576415000000000077e+01,-4.238280999999999854e-01,-5.861815999999999693e-01,-1.169799999999999951e+00
8.390502000000000180e+02,-7.159423999999999921e+01,1.068115000000000059e+01,-3.775634999999999963e-01,-5.358886999999999956e-01,1.827026000000000039e+00
3.906250000000000000e+00,-5.920410000000000394e+00,-1.708984000000000059e+00,-3.487548999999999788e-01,-6.610106999999999511e-01,6.688231999999999511e-01
-9.584959999999999809e+02,-1.696777000000000157e+01,1.770019000000000009e+00,-3.837890999999999941e-01,-9.906006000000000533e-01,1.050049000000000010e+00
-1.368224999999999909e+03,3.649902000000000157e+01,4.174804000000000315e+01,-5.500488000000000044e-01,-1.684814000000000034e+00,4.580078000000000205e-01
-1.098816000000000031e+03,-7.849120999999999526e+01,9.802245000000000630e+01,-3.881836000000000175e-01,-1.844482000000000066e-01,-4.168701000000000212e-01
-2.260132000000000119e+02,-4.254149999999999920e+01,4.547119000000000000e+01,-3.804931999999999759e-01,6.287842000000000153e-01,-3.551024999999999876e-01
5.576781999999999471e+02,2.447510000000000119e+01,3.320313000000000159e+01,-4.268798999999999788e-01,5.356444999999999679e-01,-2.364501999999999993e-01
1.386719000000000051e+03,8.544920999999999367e+01,-5.517578000000000316e+01,-4.954834000000000183e-01,-7.714843999999999868e-02,-8.364257999999999971e-01
1.320679000000000087e+03,-1.188354000000000070e+02,-9.057616000000000156e+01,-3.254394999999999927e-01,-9.660644999999999927e-01,-1.138306000000000040e+00
6.040039000000000442e+02,-3.771972999999999843e+01,2.990721999999999881e+01,-3.389892999999999934e-01,-2.606201000000000212e-01,2.065307999999999922e+00
-4.073485999999999763e+02,3.112792999999999921e+00,3.662109000000000059e+00,-2.994384999999999963e-01,-8.099364999999999482e-01,2.379149999999999876e-01
-1.378234999999999900e+03,2.380370999999999793e+00,2.856445000000000078e+01,-6.026610999999999496e-01,-1.664916999999999980e+00,9.465331999999999635e-01
-1.154297000000000025e+03,-8.111571000000000708e+01,1.118164000000000016e+02,-4.941405999999999854e-01,-7.312011999999999956e-01,-2.211914000000000102e-01
-4.031981999999999857e+02,-6.347655999999999921e+01,8.160398999999999603e+01,-3.214111000000000051e-01,2.204589999999999883e-01,-2.279053000000000051e-01
6.751097999999999502e+02,3.186035000000000039e+01,4.388427000000000078e+01,-3.546142999999999934e-01,5.949706999999999635e-01,-1.744384999999999963e-01
1.323973999999999933e+03,8.184812999999999761e+01,-4.089354999999999762e+01,-5.131835999999999620e-01,4.370116999999999752e-02,-9.173584000000000183e-01
1.081298999999999978e+03,-1.436767999999999859e+02,-4.888915999999999684e+01,-2.171630999999999978e-01,-1.150635000000000074e+00,-7.360840000000000438e-02
6.255493000000000166e+02,-4.809570000000000078e+01,2.563475999999999999e+01,-2.791748000000000007e-01,-3.515625000000000000e-01,2.056274000000000157e+00
-5.723266999999999598e+02,-1.513672000000000040e+01,8.056641000000000830e+00,-3.181151999999999869e-01,-8.836669999999999803e-01,1.516113000000000044e-01
-1.300231999999999971e+03,8.666992000000000473e+00,4.248046000000000078e+01,-5.932617000000000029e-01,-1.618041999999999980e+00,8.449706999999999635e-01
-1.158142000000000053e+03,-4.760741999999999763e+01,9.960936999999999841e+01,-4.846191000000000249e-01,-6.429443000000000241e-01,-1.673583999999999905e-01
-2.898559999999999945e+02,-4.766844999999999999e+01,5.639647999999999683e+01,-3.958740000000000037e-01,1.477051000000000058e-01,-6.462402000000000424e-01
4.019775000000000205e+02,2.685547000000000128e+00,4.248046000000000078e+01,-4.204102000000000117e-01,2.604980000000000073e-01,-2.172852000000000117e-01
1.189026000000000067e+03,7.727051000000000158e+01,-3.991698999999999842e+01,-4.836425999999999781e-01,-2.171630999999999978e-01,-7.231444999999999679e-01
1.138061999999999898e+03,-8.038329000000000235e+01,-5.920409999999999684e+01,-3.143310999999999744e-01,-1.190430000000000099e+00,-5.241698999999999664e-01
5.429076999999999771e+02,-6.658935999999999922e+01,2.478027000000000157e+01,-3.625488000000000044e-01,-3.277588000000000168e-01,1.642578000000000094e+00
-5.982666000000000395e+02,-1.385497999999999941e+01,-7.812500000000000000e+00,-3.637695000000000234e-01,-8.740234000000000059e-01,4.689941000000000249e-01
-1.108276000000000067e+03,1.245116999999999940e+01,9.399414000000000158e+00,-5.034180000000000321e-01,-1.360718000000000094e+00,7.730713000000000168e-01
-1.120849999999999909e+03,-4.876709000000000316e+01,1.048584000000000032e+02,-4.541015999999999941e-01,-9.875488000000000044e-01,-2.658691000000000249e-01
-7.119750000000000227e+02,-6.634520999999999447e+01,8.770750999999999920e+01,-4.648437999999999737e-01,-1.397704999999999920e-01,-7.391356999999999511e-01
1.672363000000000000e+01,-2.642821999999999960e+01,4.956054000000000315e+01,-4.089355000000000073e-01,5.576172000000000351e-01,-3.265380999999999978e-01
8.208617000000000417e+02,5.493164000000000158e+01,7.324218000000000117e-01,-4.221191000000000249e-01,1.872559000000000029e-01,-3.803711000000000175e-01
1.218261999999999944e+03,5.224609000000000236e+01,-5.224609000000000236e+01,-4.173584000000000183e-01,-5.167235999999999496e-01,-8.386230000000000073e-01
9.763183000000000220e+02,-1.526488999999999976e+02,-1.879882999999999882e+01,-3.255615000000000037e-01,-1.016968000000000094e+00,-5.865479000000000109e-01
4.183958999999999833e+02,-1.016235000000000070e+02,3.021239999999999881e+01,-3.474121000000000015e-01,-2.794189000000000256e-01,1.587035999999999891e+00
-9.216308000000000220e+02,6.896971999999999881e+00,-1.605225000000000080e+01,-5.817871000000000015e-01,-8.183593999999999591e-01,9.466552999999999773e-01
-1.230469000000000051e+03,2.514648000000000039e+01,2.593994000000000000e+01,-6.530761999999999956e-01,-1.625609999999999999e+00,1.171875000000000000e-01
-8.566282999999999674e+02,-5.102539000000000158e+01,1.144408999999999992e+02,-4.315185999999999744e-01,-7.182617000000000029e-01,-5.620117000000000029e-01
8.496093000000000472e+01,-4.071043999999999841e+01,9.741209999999999525e+01,-2.420653999999999861e-01,5.391846000000000139e-01,-3.153076000000000212e-01
8.164672000000000480e+02,5.871582000000000079e+01,2.966308000000000078e+01,-4.462890999999999941e-01,6.619872999999999452e-01,-8.898926000000000058e-02
1.186890000000000100e+03,-2.764892000000000039e+01,-1.200561000000000007e+02,-3.623046999999999795e-01,-3.436278999999999861e-01,-1.498291000000000039e+00
8.811644999999999754e+02,-1.819457999999999913e+02,-2.667236000000000118e+01,-2.382813000000000014e-01,-1.235473999999999961e+00,3.151855000000000073e-01
7.696532999999999447e+01,-4.913329999999999842e+01,1.019286999999999921e+01,-3.487548999999999788e-01,-1.937255999999999978e-01,1.583007999999999971e+00
-7.529296000000000504e+02,1.159667999999999921e+00,-3.369140999999999764e+01,-3.964844000000000146e-01,-7.178955000000000197e-01,6.976318000000000241e-01
-1.264953999999999951e+03,2.172850999999999999e+01,2.423094999999999999e+01,-4.532471000000000139e-01,-1.791992000000000029e+00,-3.674315999999999693e-02
-6.369018999999999551e+02,-5.181884000000000157e+01,1.434936999999999898e+02,-2.766113000000000044e-01,-8.354492000000000029e-01,-1.010253999999999985e+00
-3.186035000000000039e+01,-6.872558999999999685e+01,1.450806000000000040e+02,-3.276367000000000029e-01,3.892822000000000227e-01,-6.177979000000000109e-01
4.872436000000000149e+02,2.563476000000000088e+00,9.033203000000000316e+00,-5.762939000000000256e-01,1.130981000000000014e+00,-4.962157999999999847e-01
5.993042000000000371e+02,-4.498290999999999684e+01,-9.356687999999999761e+01,-2.976074000000000219e-01,2.127686000000000022e-01,-1.061034999999999950e+00
6.000366000000000213e+02,-1.542968999999999937e+02,-5.725097000000000236e+01,-1.970214999999999883e-01,-9.073485999999999496e-01,-3.660888999999999949e-01
1.563720999999999890e+02,-1.159056999999999960e+02,-2.996826000000000079e+01,-4.381104000000000109e-01,-3.775634999999999963e-01,1.474854000000000109e+00
-1.032104000000000070e+02,7.690430000000000632e+01,-1.248778999999999968e+02,-2.825927999999999773e-01,-7.124023000000000438e-01,6.853027000000000424e-01
-3.894042999999999921e+01,6.726073999999999842e+01,-4.315185000000000315e+01,-3.580322000000000227e-01,-1.684814000000000034e+00,-6.423339999999999606e-01
1.708984000000000059e+00,2.435302000000000078e+01,1.086425999999999981e+01,-3.151855000000000073e-01,-1.318237000000000103e+00,-3.869628999999999985e-01
1.638182999999999936e+02,-1.123047000000000040e+01,5.377197000000000315e+01,-2.572020999999999891e-01,-9.818114999999999482e-01,-3.778076000000000212e-01
4.406738000000000000e+01,-2.093506000000000000e+01,2.478027000000000157e+01,-3.572998000000000007e-01,-9.600830000000000197e-01,-6.835937999999999737e-02
-2.563475999999999999e+01,-9.765624000000000526e-01,1.422119000000000000e+01,-4.107665999999999817e-01,-9.208984000000000059e-01,-1.070557000000000036e-01
